TimeStamp[ms];Prox[Cm];Lux[lux];AccX[m/s^2];AccY[m/s^2];AccZ[m/s^2];GyroX[rad/s];GyroY[rad/s];GyroZ[rad/s];MagnX[uT];MagnY[uT];MagnZ[uT];OrienYaw[degrees];OrienPitch[degrees];OrienRoll[degrees];Press[Pa];Temp[CÂ°];Batt[%];Lat;Lng;Speed[m/s]
1514107796793;-;-;7.8762207;-3.0033417;2.0824432;-;-;-;-;-;-;-;-;-;-;-;-;-;-;-
1514107796798;-;-;7.679886;-3.0356598;2.0273743;-;-;-;-;-;-;-;-;-;-;-;-;-;-;-
1514107796818;-;-;7.475189;-3.775467;2.0668793;-;-;-;-;-;-;-;-;-;-;-;-;-;-;-
1514107796838;-;-;8.784821;-3.045227;2.5289612;-;-;-;-;-;-;-;-;-;-;-;-;-;-;-
1514107796859;-;-;8.6423645;-2.159378;2.0848389;-;-;-;-;-;-;-;-;-;-;-;-;-;-;-
1514107796879;-;-;9.878967;-1.7415924;2.2093353;-;-;-;-;-;-;-;-;-;-;-;-;-;-;-
1514107796899;-;-;9.143951;-2.3461304;0.76322937;-;-;-;-;-;-;-;-;-;-;-;-;-;-;-
1514107796920;-;-;9.190628;-2.6561737;0.60162354;-;-;-;-;-;-;-;-;-;-;-;-;-;-;-
1514107796940;-;-;8.950012;-1.9905853;0.8266754;-;-;-;-;-;-;-;-;-;-;-;-;-;-;-
1514107796961;-;-;8.944031;-0.973053;0.6315613;-;-;-;-;-;-;-;-;-;-;-;-;-;-;-
1514107796981;-;-;8.396957;-1.2052917;1.0325775;-;-;-;-;-;-;-;-;-;-;-;-;-;-;-
1514107797001;-;-;8.797989;-0.6641998;-0.42070007;-;-;-;-;-;-;-;-;-;-;-;-;-;-;-
1514107797021;-;-;8.856644;-0.55885315;-0.016082764;-;-;-;-;-;-;-;-;-;-;-;-;-;-;-
1514107797045;-;-;8.88298;-1.2232513;-0.5787201;-;-;-;-;-;-;-;-;-;-;-;-;-;-;-
1514107797061;-;-;9.380966;-1.5739899;-0.57751465;-;-;-;-;-;-;-;-;-;-;-;-;-;-;-
1514107797082;-;-;8.474762;-0.6043396;-1.337677;-;-;-;-;-;-;-;-;-;-;-;-;-;-;-
1514107797101;-;-;10.670242;0.24679565;-0.8169403;-;-;-;-;-;-;-;-;-;-;-;-;-;-;-
1514107797121;-;-;11.062897;0.41079712;-0.29499817;-;-;-;-;-;-;-;-;-;-;-;-;-;-;-
1514107797142;-;-;8.654327;1.1470184;-1.0826874;-;-;-;-;-;-;-;-;-;-;-;-;-;-;-
1514107797161;-;-;7.26091;0.23960876;-1.753067;-;-;-;-;-;-;-;-;-;-;-;-;-;-;-
1514107797182;-;-;8.825516;-0.6929321;-1.6285706;-;-;-;-;-;-;-;-;-;-;-;-;-;-;-
1514107797202;-;-;9.664688;-0.02494812;-0.788208;-;-;-;-;-;-;-;-;-;-;-;-;-;-;-
1514107797222;-;-;9.400131;0.8297882;-0.4242859;-;-;-;-;-;-;-;-;-;-;-;-;-;-;-
1514107797243;-;-;10.873764;0.8166199;-0.95939636;-;-;-;-;-;-;-;-;-;-;-;-;-;-;-
1514107797263;-;-;10.12796;0.68014526;-2.4042969;-;-;-;-;-;-;-;-;-;-;-;-;-;-;-
1514107797283;-;-;9.552155;-0.078811646;-2.389923;-;-;-;-;-;-;-;-;-;-;-;-;-;-;-
1514107797303;-;-;8.637573;-0.54689026;-1.3436584;-;-;-;-;-;-;-;-;-;-;-;-;-;-;-
1514107797324;-;-;8.718979;0.46466064;-0.9450226;-;-;-;-;-;-;-;-;-;-;-;-;-;-;-
1514107797344;-;-;8.418503;0.5089569;-0.8241272;-;-;-;-;-;-;-;-;-;-;-;-;-;-;-
1514107797364;-;-;8.442444;0.576004;-1.3173218;-;-;-;-;-;-;-;-;-;-;-;-;-;-;-
1514107797384;-;-;8.434067;0.68852234;-1.4502106;-;-;-;-;-;-;-;-;-;-;-;-;-;-;-
1514107797404;-;-;8.738129;0.95547485;-1.2778168;-;-;-;-;-;-;-;-;-;-;-;-;-;-;-
1514107797425;-;-;8.945221;0.6430359;-0.87319946;-;-;-;-;-;-;-;-;-;-;-;-;-;-;-
1514107797445;-;-;8.869812;0.15342712;-0.8504486;-;-;-;-;-;-;-;-;-;-;-;-;-;-;-
1514107797465;-;-;8.8997345;-0.45231628;-0.044799805;-;-;-;-;-;-;-;-;-;-;-;-;-;-;-
1514107797485;-;-;8.909317;-0.09197998;-1.1988068;-;-;-;-;-;-;-;-;-;-;-;-;-;-;-
1514107797506;-;-;8.638763;0.299469;-0.9162903;-;-;-;-;-;-;-;-;-;-;-;-;-;-;-
1514107797526;-;-;9.001495;0.88723755;-1.7542725;-;-;-;-;-;-;-;-;-;-;-;-;-;-;-
1514107797547;-;-;10.221344;0.73760986;-0.7199707;-;-;-;-;-;-;-;-;-;-;-;-;-;-;-
1514107797567;-;-;8.7764435;0.714859;-0.6194153;-;-;-;-;-;-;-;-;-;-;-;-;-;-;-
1514107797586;-;-;8.675873;0.37249756;-1.7003937;-;-;-;-;-;-;-;-;-;-;-;-;-;-;-
1514107797606;-;-;7.569763;0.30426025;-4.9158173;-;-;-;-;-;-;-;-;-;-;-;-;-;-;-
1514107797626;-;-;8.424484;0.6322632;-5.539505;-;-;-;-;-;-;-;-;-;-;-;-;-;-;-
1514107797646;-;-;10.927628;0.20370483;-2.8424377;-;-;-;-;-;-;-;-;-;-;-;-;-;-;-
1514107797667;-;-;10.558914;-0.93473816;-3.010025;-;-;-;-;-;-;-;-;-;-;-;-;-;-;-
1514107797687;-;-;9.57251;-1.6985016;-3.8408203;-;-;-;-;-;-;-;-;-;-;-;-;-;-;-
1514107797707;-;-;10.100433;-1.9462891;-5.5;-;-;-;-;-;-;-;-;-;-;-;-;-;-;-
1514107797727;-;-;10.036987;-0.9167938;-4.8667297;-;-;-;-;-;-;-;-;-;-;-;-;-;-;-
1514107797748;-;-;10.133942;0.6549988;-2.0260162;-;-;-;-;-;-;-;-;-;-;-;-;-;-;-
1514107797768;-;-;10.234512;0.8046417;0.027023315;-;-;-;-;-;-;-;-;-;-;-;-;-;-;-
1514107797788;-;-;9.391739;-0.72525024;-0.58470154;-;-;-;-;-;-;-;-;-;-;-;-;-;-;-
1514107797809;-;-;8.888962;-2.1462097;-1.7602539;-;-;-;-;-;-;-;-;-;-;-;-;-;-;-
1514107797828;-;-;8.322739;-2.6896973;-2.2738037;-;-;-;-;-;-;-;-;-;-;-;-;-;-;-
1514107797848;-;-;6.8562927;-2.5783691;-2.23909;-;-;-;-;-;-;-;-;-;-;-;-;-;-;-
1514107797869;-;-;6.2242126;-2.214447;-1.7434998;-;-;-;-;-;-;-;-;-;-;-;-;-;-;-
1514107797888;-;-;6.825165;-1.0747986;-0.9450226;-;-;-;-;-;-;-;-;-;-;-;-;-;-;-
1514107797908;-;-;7.0370483;0.067230225;-0.9917145;-;-;-;-;-;-;-;-;-;-;-;-;-;-;-
1514107797928;-;-;7.590103;1.1996918;-1.4777374;-;-;-;-;-;-;-;-;-;-;-;-;-;-;-
1514107797949;-;-;8.797989;0.51493835;-1.5184326;-;-;-;-;-;-;-;-;-;-;-;-;-;-;-
1514107797969;-;-;10.209366;-0.34576416;-1.9517822;-;-;-;-;-;-;-;-;-;-;-;-;-;-;-
1514107797989;-;-;11.51062;-0.98143005;-1.74469;-;-;-;-;-;-;-;-;-;-;-;-;-;-;-
1514107798010;-;-;13.397247;-2.36409;-1.7434998;-;-;-;-;-;-;-;-;-;-;-;-;-;-;-
1514107798030;-;-;15.924332;-3.5432281;-1.3089447;-;-;-;-;-;-;-;-;-;-;-;-;-;-;-
1514107798050;-;-;16.121841;-3.0260773;-2.4425964;-;-;-;-;-;-;-;-;-;-;-;-;-;-;-
1514107798070;-;-;13.127899;-4.463791;-5.997986;-;-;-;-;-;-;-;-;-;-;-;-;-;-;-
1514107798091;-;-;12.41922;-4.8456726;-6.631256;-;-;-;-;-;-;-;-;-;-;-;-;-;-;-
1514107798111;-;-;11.305908;-3.8592682;-6.144043;-;-;-;-;-;-;-;-;-;-;-;-;-;-;-
1514107798132;-;-;8.7417145;-2.7698975;-8.041443;-;-;-;-;-;-;-;-;-;-;-;-;-;-;-
1514107798152;-;-;6.458847;-2.1964874;-8.086929;-;-;-;-;-;-;-;-;-;-;-;-;-;-;-
1514107798172;-;-;3.4325714;-1.194519;-6.8455353;-;-;-;-;-;-;-;-;-;-;-;-;-;-;-
1514107798193;-;-;3.2158966;-0.39006042;-1.8153229;-;-;-;-;-;-;-;-;-;-;-;-;-;-;-
1514107798213;-;-;2.6975555;-0.028533936;-0.056777954;-;-;-;-;-;-;-;-;-;-;-;-;-;-;-
1514107798233;-;-;3.4732819;-0.18894958;-0.3548584;-;-;-;-;-;-;-;-;-;-;-;-;-;-;-
1514107798253;-;-;6.7892456;-1.9570618;-2.120575;-;-;-;-;-;-;-;-;-;-;-;-;-;-;-
1514107798274;-;-;9.984314;-2.1641693;-2.689209;-;-;-;-;-;-;-;-;-;-;-;-;-;-;-
1514107798294;-;-;10.254852;-1.4937897;-3.2913513;-;-;-;-;-;-;-;-;-;-;-;-;-;-;-
1514107798314;-;-;11.412445;-0.5456848;-1.7698364;-;-;-;-;-;-;-;-;-;-;-;-;-;-;-
1514107798335;-;-;12.26239;0.26594543;-3.0626984;-;-;-;-;-;-;-;-;-;-;-;-;-;-;-
1514107798354;-;-;13.166199;-0.36013794;-4.086212;-;-;-;-;-;-;-;-;-;-;-;-;-;-;-
1514107798374;-;-;19.720337;-2.6992645;-7.587738;-;-;-;-;-;-;-;-;-;-;-;-;-;-;-
1514107798394;-;-;17.571533;1.8832245;-6.464859;-;-;-;-;-;-;-;-;-;-;-;-;-;-;-
1514107798415;-;-;15.289856;7.114563;-5.0427094;-;-;-;-;-;-;-;-;-;-;-;-;-;-;-
1514107798435;-;-;15.749542;8.103363;-2.4186554;-;-;-;-;-;-;-;-;-;-;-;-;-;-;-
1514107798455;-;-;12.601166;6.0682983;-2.3851318;-;-;-;-;-;-;-;-;-;-;-;-;-;-;-
1514107798476;-;-;7.7517242;4.193634;0.01625061;-;-;-;-;-;-;-;-;-;-;-;-;-;-;-
1514107798496;-;-;8.404144;4.087097;-3.4038696;-;-;-;-;-;-;-;-;-;-;-;-;-;-;-
1514107798516;-;-;5.588562;5.150116;-2.9441833;-;-;-;-;-;-;-;-;-;-;-;-;-;-;-
1514107798537;-;-;-0.30955505;5.7127533;-1.5675201;-;-;-;-;-;-;-;-;-;-;-;-;-;-;-
1514107798557;-;-;-2.847412;1.5612183;-3.2003632;-;-;-;-;-;-;-;-;-;-;-;-;-;-;-
1514107798577;-;-;-2.4775085;-3.3409119;-4.61174;-;-;-;-;-;-;-;-;-;-;-;-;-;-;-
1514107798597;-;-;-1.340271;-8.086227;-3.2063446;-;-;-;-;-;-;-;-;-;-;-;-;-;-;-
1514107798618;-;-;3.1991425;-9.771744;-8.839905;-;-;-;-;-;-;-;-;-;-;-;-;-;-;-
1514107798638;-;-;7.224991;-4.3512726;-13.561279;-;-;-;-;-;-;-;-;-;-;-;-;-;-;-
1514107798658;-;-;9.243301;4.501297;-3.0842438;-;-;-;-;-;-;-;-;-;-;-;-;-;-;-
1514107798678;-;-;5.2066803;7.0846405;-4.930176;-;-;-;-;-;-;-;-;-;-;-;-;-;-;-
1514107798698;-;-;7.8163605;1.4726257;-3.8216553;-;-;-;-;-;-;-;-;-;-;-;-;-;-;-
1514107798719;-;-;9.430054;0.9937897;0.055755615;-;-;-;-;-;-;-;-;-;-;-;-;-;-;-
1514107798739;-;-;10.823471;0.82858276;-0.18008423;-;-;-;-;-;-;-;-;-;-;-;-;-;-;-
1514107798759;-;-;13.758774;1.5432587;-5.4976044;-;-;-;-;-;-;-;-;-;-;-;-;-;-;-
1514107798780;-;-;20.95813;-0.2272644;-6.401413;-;-;-;-;-;-;-;-;-;-;-;-;-;-;-
1514107798800;-;-;19.59703;-8.800888;-7.1424255;-;-;-;-;-;-;-;-;-;-;-;-;-;-;-
1514107798820;-;-;17.69603;-10.109329;0.1539154;-;-;-;-;-;-;-;-;-;-;-;-;-;-;-
1514107798841;-;-;19.978912;-9.216293;3.7236633;-;-;-;-;-;-;-;-;-;-;-;-;-;-;-
1514107798861;-;-;16.58992;-8.8811035;-3.9341888;-;-;-;-;-;-;-;-;-;-;-;-;-;-;-
1514107798881;-;-;9.9436035;-4.108261;-8.872223;-;-;-;-;-;-;-;-;-;-;-;-;-;-;-
1514107798901;-;-;5.0857697;-3.618637;-4.3603516;-;-;-;-;-;-;-;-;-;-;-;-;-;-;-
1514107798922;-;-;1.5926361;-5.48851;-1.5495605;-;-;-;-;-;-;-;-;-;-;-;-;-;-;-
1514107798942;-;-;-0.4185028;-6.5419617;-9.280441;-;-;-;-;-;-;-;-;-;-;-;-;-;-;-
1514107798962;-;-;-0.4376526;-2.9123535;-12.311493;-;-;-;-;-;-;-;-;-;-;-;-;-;-;-
1514107798982;-;-;-3.1131744;4.3731995;-5.3551483;-;-;-;-;-;-;-;-;-;-;-;-;-;-;-
1514107799002;-;-;-4.528137;9.07901;1.9447784;-;-;-;-;-;-;-;-;-;-;-;-;-;-;-
1514107799023;-;-;-4.661026;6.739868;-0.22198486;-;-;-;-;-;-;-;-;-;-;-;-;-;-;-
1514107799043;-;-;-5.1410522;2.8780212;0.8254852;-;-;-;-;-;-;-;-;-;-;-;-;-;-;-
1514107799063;-;-;-2.7061615;-4.8289185;3.0784302;-;-;-;-;-;-;-;-;-;-;-;-;-;-;-
1514107799083;-;-;0.42904663;-13.734146;-7.682312;-;-;-;-;-;-;-;-;-;-;-;-;-;-;-
1514107799104;-;-;13.239227;-10.850327;-13.748016;-;-;-;-;-;-;-;-;-;-;-;-;-;-;-
1514107799124;-;-;19.170868;-0.54927063;-8.089325;-;-;-;-;-;-;-;-;-;-;-;-;-;-;-
1514107799144;-;-;15.246765;2.8756256;1.7197266;-;-;-;-;-;-;-;-;-;-;-;-;-;-;-
1514107799165;-;-;10.612793;0.56881714;-4.3268433;-;-;-;-;-;-;-;-;-;-;-;-;-;-;-
1514107799185;-;-;9.276825;-1.4387207;-6.226639;-;-;-;-;-;-;-;-;-;-;-;-;-;-;-
1514107799205;-;-;11.988251;-1.5680084;-5.2821198;-;-;-;-;-;-;-;-;-;-;-;-;-;-;-
1514107799226;-;-;11.426819;-2.4454803;-3.6193542;-;-;-;-;-;-;-;-;-;-;-;-;-;-;-
1514107799246;-;-;10.7061615;-2.250351;-3.46492;-;-;-;-;-;-;-;-;-;-;-;-;-;-;-
1514107799266;-;-;12.740036;0.77471924;-2.836441;-;-;-;-;-;-;-;-;-;-;-;-;-;-;-
1514107799286;-;-;14.2005005;3.1401825;-1.5806885;-;-;-;-;-;-;-;-;-;-;-;-;-;-;-
1514107799307;-;-;15.330566;6.268219;-2.7933502;-;-;-;-;-;-;-;-;-;-;-;-;-;-;-
1514107799327;-;-;14.47583;8.437363;-7.0047455;-;-;-;-;-;-;-;-;-;-;-;-;-;-;-
1514107799347;-;-;13.127899;8.943726;-6.1572113;-;-;-;-;-;-;-;-;-;-;-;-;-;-;-
1514107799368;-;-;9.225342;7.320465;-3.156067;-;-;-;-;-;-;-;-;-;-;-;-;-;-;-
1514107799388;-;-;7.9576263;6.992462;-0.61582947;-;-;-;-;-;-;-;-;-;-;-;-;-;-;-
1514107799408;-;-;1.7793884;5.8121185;-0.071136475;-;-;-;-;-;-;-;-;-;-;-;-;-;-;-
1514107799429;-;-;-0.65911865;3.0575867;-1.9302368;-;-;-;-;-;-;-;-;-;-;-;-;-;-;-
1514107799449;-;-;-0.711792;0.8010559;-3.6744232;-;-;-;-;-;-;-;-;-;-;-;-;-;-;-
1514107799469;-;-;-2.3338623;-3.1912842;-0.95339966;-;-;-;-;-;-;-;-;-;-;-;-;-;-;-
1514107799490;-;-;-2.3625946;-9.175583;0.36579895;-;-;-;-;-;-;-;-;-;-;-;-;-;-;-
1514107799510;-;-;0.20758057;-12.404175;-6.4145813;-;-;-;-;-;-;-;-;-;-;-;-;-;-;-
1514107799530;-;-;2.027176;-4.563156;-15.988998;-;-;-;-;-;-;-;-;-;-;-;-;-;-;-
1514107799551;-;-;9.838257;6.2550507;-4.409439;-;-;-;-;-;-;-;-;-;-;-;-;-;-;-
1514107799571;-;-;9.009872;11.523483;-5.8303986;-;-;-;-;-;-;-;-;-;-;-;-;-;-;-
1514107799591;-;-;5.2821045;1.9754028;-5.8256073;-;-;-;-;-;-;-;-;-;-;-;-;-;-;-
1514107799612;-;-;9.143951;-5.135376;-1.7303314;-;-;-;-;-;-;-;-;-;-;-;-;-;-;-
1514107799632;-;-;9.625183;-1.7846832;-0.06636047;-;-;-;-;-;-;-;-;-;-;-;-;-;-;-
1514107799651;-;-;11.214935;0.8632965;-5.358734;-;-;-;-;-;-;-;-;-;-;-;-;-;-;-
1514107799671;-;-;9.6072235;1.0093536;-7.3926086;-;-;-;-;-;-;-;-;-;-;-;-;-;-;-
1514107799692;-;-;9.439636;1.1589813;-6.5103455;-;-;-;-;-;-;-;-;-;-;-;-;-;-;-
1514107799711;-;-;9.485123;0.7292328;-6.504364;-;-;-;-;-;-;-;-;-;-;-;-;-;-;-
1514107799731;-;-;9.43364;-2.3904114;-4.1736145;-;-;-;-;-;-;-;-;-;-;-;-;-;-;-
1514107799752;-;-;12.432388;-5.7075806;-3.310501;-;-;-;-;-;-;-;-;-;-;-;-;-;-;-
1514107799771;-;-;18.60463;-5.8416595;0.8027344;-;-;-;-;-;-;-;-;-;-;-;-;-;-;-
1514107799791;-;-;18.571121;-6.709564;0.93681335;-;-;-;-;-;-;-;-;-;-;-;-;-;-;-
1514107799811;-;-;18.848846;-7.5570984;-1.6668854;-;-;-;-;-;-;-;-;-;-;-;-;-;-;-
1514107799831;-;-;13.039307;-8.626114;-8.2221985;-;-;-;-;-;-;-;-;-;-;-;-;-;-;-
1514107799852;-;-;11.159866;-6.328888;-7.252548;-;-;-;-;-;-;-;-;-;-;-;-;-;-;-
1514107799872;-;-;10.421249;-3.2247925;-4.062271;-;-;-;-;-;-;-;-;-;-;-;-;-;-;-
1514107799892;-;-;8.58609;-2.8764343;-0.39315796;-;-;-;-;-;-;-;-;-;-;-;-;-;-;-
1514107799913;-;-;4.9229736;-2.909958;-1.1341705;-;-;-;-;-;-;-;-;-;-;-;-;-;-;-
1514107799933;-;-;1.1676636;-1.522522;-6.0315094;-;-;-;-;-;-;-;-;-;-;-;-;-;-;-
1514107799953;-;-;-0.61242676;2.1154633;-5.795685;-;-;-;-;-;-;-;-;-;-;-;-;-;-;-
1514107799973;-;-;-3.0784607;3.2431335;-3.243454;-;-;-;-;-;-;-;-;-;-;-;-;-;-;-
1514107799994;-;-;-5.1362762;3.5615692;-1.6381531;-;-;-;-;-;-;-;-;-;-;-;-;-;-;-
1514107800014;-;-;-5.7156677;-0.066848755;2.0333557;-;-;-;-;-;-;-;-;-;-;-;-;-;-;-
1514107800034;-;-;-1.5629272;-6.1421356;-1.5040741;-;-;-;-;-;-;-;-;-;-;-;-;-;-;-
1514107800055;-;-;3.2985077;-10.607315;-12.585632;-;-;-;-;-;-;-;-;-;-;-;-;-;-;-
1514107800075;-;-;22.567032;-5.455002;-14.172989;-;-;-;-;-;-;-;-;-;-;-;-;-;-;-
1514107800095;-;-;16.998123;3.8548584;-4.969681;-;-;-;-;-;-;-;-;-;-;-;-;-;-;-
1514107800115;-;-;8.134796;2.648178;-4.2645874;-;-;-;-;-;-;-;-;-;-;-;-;-;-;-
1514107800136;-;-;8.806366;-0.16021729;-6.6132965;-;-;-;-;-;-;-;-;-;-;-;-;-;-;-
1514107800156;-;-;8.848267;-0.50019836;-9.052994;-;-;-;-;-;-;-;-;-;-;-;-;-;-;-
1514107800177;-;-;8.890167;-0.32781982;-8.538239;-;-;-;-;-;-;-;-;-;-;-;-;-;-;-
1514107800197;-;-;8.541809;0.22764587;-7.3830414;-;-;-;-;-;-;-;-;-;-;-;-;-;-;-
1514107800217;-;-;7.2082367;1.0117493;-5.4185944;-;-;-;-;-;-;-;-;-;-;-;-;-;-;-
1514107800237;-;-;6.161972;2.7762756;-4.29451;-;-;-;-;-;-;-;-;-;-;-;-;-;-;-
1514107800258;-;-;5.901001;3.371231;-4.492035;-;-;-;-;-;-;-;-;-;-;-;-;-;-;-
1514107800278;-;-;6.4959564;1.5145264;-4.523163;-;-;-;-;-;-;-;-;-;-;-;-;-;-;-
1514107800298;-;-;6.403778;-0.5708313;-3.6241455;-;-;-;-;-;-;-;-;-;-;-;-;-;-;-
1514107800319;-;-;5.363495;-1.8565063;-2.7382813;-;-;-;-;-;-;-;-;-;-;-;-;-;-;-
1514107800339;-;-;4.3770905;-1.5967407;-1.7327118;-;-;-;-;-;-;-;-;-;-;-;-;-;-;-
1514107800359;-;-;3.4613037;-0.9479065;-1.3831635;-;-;-;-;-;-;-;-;-;-;-;-;-;-;-
1514107800380;-;-;2.3300476;0.2420044;-1.4514008;-;-;-;-;-;-;-;-;-;-;-;-;-;-;-
1514107800400;-;-;2.5263672;1.698883;-1.4154816;-;-;-;-;-;-;-;-;-;-;-;-;-;-;-
1514107800420;-;-;3.5127869;2.0161133;-1.6405487;-;-;-;-;-;-;-;-;-;-;-;-;-;-;-
1514107800440;-;-;4.3292084;1.1553955;-2.4509735;-;-;-;-;-;-;-;-;-;-;-;-;-;-;-
1514107800461;-;-;5.916565;-0.5827942;-2.6760406;-;-;-;-;-;-;-;-;-;-;-;-;-;-;-
1514107800481;-;-;6.533066;-2.0947418;-2.5108337;-;-;-;-;-;-;-;-;-;-;-;-;-;-;-
1514107800501;-;-;6.8718414;-2.4837952;-2.0822754;-;-;-;-;-;-;-;-;-;-;-;-;-;-;-
1514107800521;-;-;8.222183;-1.0831909;-1.2550812;-;-;-;-;-;-;-;-;-;-;-;-;-;-;-
1514107800542;-;-;9.088882;1.837738;-0.087905884;-;-;-;-;-;-;-;-;-;-;-;-;-;-;-
1514107800562;-;-;10.175842;4.7083893;-0.20521545;-;-;-;-;-;-;-;-;-;-;-;-;-;-;-
1514107800582;-;-;11.004242;5.256668;-1.5339966;-;-;-;-;-;-;-;-;-;-;-;-;-;-;-
1514107800602;-;-;11.830246;2.406372;-1.7865906;-;-;-;-;-;-;-;-;-;-;-;-;-;-;-
1514107800623;-;-;12.076843;-0.22845459;-1.3448639;-;-;-;-;-;-;-;-;-;-;-;-;-;-;-
1514107800644;-;-;12.986633;-1.1981049;-3.709137;-;-;-;-;-;-;-;-;-;-;-;-;-;-;-
1514107800664;-;-;12.617935;2.3105927;-9.960388;-;-;-;-;-;-;-;-;-;-;-;-;-;-;-
1514107800684;-;-;10.039383;7.3815155;-11.006653;-;-;-;-;-;-;-;-;-;-;-;-;-;-;-
1514107800705;-;-;9.5282135;8.517563;-5.6053467;-;-;-;-;-;-;-;-;-;-;-;-;-;-;-
1514107800725;-;-;8.000717;3.3209534;-7.9169464;-;-;-;-;-;-;-;-;-;-;-;-;-;-;-
1514107800745;-;-;7.8558655;-0.44033813;-7.73378;-;-;-;-;-;-;-;-;-;-;-;-;-;-;-
1514107800765;-;-;5.6112976;-0.68814087;-9.986725;-;-;-;-;-;-;-;-;-;-;-;-;-;-;-
1514107800785;-;-;5.631653;0.7112732;-5.0798187;-;-;-;-;-;-;-;-;-;-;-;-;-;-;-
1514107800805;-;-;6.474411;1.2224274;-3.765396;-;-;-;-;-;-;-;-;-;-;-;-;-;-;-
1514107800826;-;-;10.063324;-0.18415833;-6.9412994;-;-;-;-;-;-;-;-;-;-;-;-;-;-;-
1514107800846;-;-;10.941986;-0.124313354;-6.9449005;-;-;-;-;-;-;-;-;-;-;-;-;-;-;-
1514107800866;-;-;9.5677185;-0.6330719;-7.5135193;-;-;-;-;-;-;-;-;-;-;-;-;-;-;-
1514107800887;-;-;5.5670013;-1.6278687;-8.024689;-;-;-;-;-;-;-;-;-;-;-;-;-;-;-
1514107800906;-;-;4.518341;-1.5979309;-6.958069;-;-;-;-;-;-;-;-;-;-;-;-;-;-;-
1514107800926;-;-;7.423706;-0.8748932;-6.2852936;-;-;-;-;-;-;-;-;-;-;-;-;-;-;-
1514107800947;-;-;10.260834;-2.1126862;-7.0083466;-;-;-;-;-;-;-;-;-;-;-;-;-;-;-
1514107800967;-;-;8.74292;-3.838913;-5.753784;-;-;-;-;-;-;-;-;-;-;-;-;-;-;-
1514107800987;-;-;6.735382;-5.653717;-2.7047577;-;-;-;-;-;-;-;-;-;-;-;-;-;-;-
1514107801007;-;-;5.629257;-6.3899384;-0.26507568;-;-;-;-;-;-;-;-;-;-;-;-;-;-;-
1514107801028;-;-;5.493988;-5.739914;-0.5212555;-;-;-;-;-;-;-;-;-;-;-;-;-;-;-
1514107801048;-;-;5.265335;-4.681671;-1.1820526;-;-;-;-;-;-;-;-;-;-;-;-;-;-;-
1514107801068;-;-;4.462082;-2.1929016;-1.7398987;-;-;-;-;-;-;-;-;-;-;-;-;-;-;-
1514107801089;-;-;4.5710144;-0.5169525;-1.8512268;-;-;-;-;-;-;-;-;-;-;-;-;-;-;-
1514107801109;-;-;4.5542603;0.5233307;-2.1828308;-;-;-;-;-;-;-;-;-;-;-;-;-;-;-
1514107801130;-;-;6.7329865;1.1601868;-2.251068;-;-;-;-;-;-;-;-;-;-;-;-;-;-;-
1514107801150;-;-;8.831497;0.299469;-2.4066925;-;-;-;-;-;-;-;-;-;-;-;-;-;-;-
1514107801170;-;-;9.895721;-1.9403076;-2.9501648;-;-;-;-;-;-;-;-;-;-;-;-;-;-;-
1514107801190;-;-;10.866577;-4.384796;-1.8356628;-;-;-;-;-;-;-;-;-;-;-;-;-;-;-
1514107801211;-;-;12.451538;-6.931015;-0.78222656;-;-;-;-;-;-;-;-;-;-;-;-;-;-;-
1514107801231;-;-;15.190506;-7.455353;-1.784195;-;-;-;-;-;-;-;-;-;-;-;-;-;-;-
1514107801251;-;-;15.571182;-3.878418;-4.129318;-;-;-;-;-;-;-;-;-;-;-;-;-;-;-
1514107801271;-;-;12.750809;1.8760529;-10.294388;-;-;-;-;-;-;-;-;-;-;-;-;-;-;-
1514107801291;-;-;9.284012;6.675232;-14.474655;-;-;-;-;-;-;-;-;-;-;-;-;-;-;-
1514107801312;-;-;7.9516296;9.640442;-6.006363;-;-;-;-;-;-;-;-;-;-;-;-;-;-;-
1514107801332;-;-;7.272873;6.2777863;-3.54393;-;-;-;-;-;-;-;-;-;-;-;-;-;-;-
1514107801353;-;-;10.715744;-1.0975494;-4.598572;-;-;-;-;-;-;-;-;-;-;-;-;-;-;-
1514107801373;-;-;13.301483;-2.2467651;-5.8782806;-;-;-;-;-;-;-;-;-;-;-;-;-;-;-
1514107801393;-;-;11.582443;0.3174286;-4.969681;-;-;-;-;-;-;-;-;-;-;-;-;-;-;-
1514107801414;-;-;8.685455;2.9510498;-2.163681;-;-;-;-;-;-;-;-;-;-;-;-;-;-;-
1514107801434;-;-;7.0609894;2.955841;-3.3440094;-;-;-;-;-;-;-;-;-;-;-;-;-;-;-
1514107801454;-;-;4.715866;2.117859;-3.2793732;-;-;-;-;-;-;-;-;-;-;-;-;-;-;-
1514107801475;-;-;3.6289063;1.2787018;-1.2850037;-;-;-;-;-;-;-;-;-;-;-;-;-;-;-
1514107801494;-;-;4.111328;1.1541901;-1.179657;-;-;-;-;-;-;-;-;-;-;-;-;-;-;-
1514107801514;-;-;5.30484;1.5384674;-0.7582855;-;-;-;-;-;-;-;-;-;-;-;-;-;-;-
1514107801534;-;-;6.2733;2.3620758;0.72732544;-;-;-;-;-;-;-;-;-;-;-;-;-;-;-
1514107801555;-;-;8.371811;2.469818;0.5740967;-;-;-;-;-;-;-;-;-;-;-;-;-;-;-
1514107801575;-;-;12.476669;1.1865234;-1.3783722;-;-;-;-;-;-;-;-;-;-;-;-;-;-;-
1514107801595;-;-;11.62793;-0.4343567;-3.9174347;-;-;-;-;-;-;-;-;-;-;-;-;-;-;-
1514107801616;-;-;7.0729675;0.37368774;-3.4912567;-;-;-;-;-;-;-;-;-;-;-;-;-;-;-
1514107801636;-;-;4.611725;2.3225708;-2.3755646;-;-;-;-;-;-;-;-;-;-;-;-;-;-;-
1514107801656;-;-;3.5163727;3.8069763;-1.0443878;-;-;-;-;-;-;-;-;-;-;-;-;-;-;-
1514107801677;-;-;5.596939;4.4522095;0.0138549805;-;-;-;-;-;-;-;-;-;-;-;-;-;-;-
1514107801697;-;-;8.48793;3.5986786;0.3825531;-;-;-;-;-;-;-;-;-;-;-;-;-;-;-
1514107801717;-;-;8.993118;2.2986298;0.03779602;-;-;-;-;-;-;-;-;-;-;-;-;-;-;-
1514107801737;-;-;9.438431;1.0560303;-0.30577087;-;-;-;-;-;-;-;-;-;-;-;-;-;-;-
1514107801758;-;-;12.8358;0.34136963;-0.6792755;-;-;-;-;-;-;-;-;-;-;-;-;-;-;-
1514107801778;-;-;15.864471;2.3465118;-0.14297485;-;-;-;-;-;-;-;-;-;-;-;-;-;-;-
1514107801798;-;-;18.611816;5.933029;0.1658783;-;-;-;-;-;-;-;-;-;-;-;-;-;-;-
1514107801819;-;-;19.720337;13.043808;-4.0874176;-;-;-;-;-;-;-;-;-;-;-;-;-;-;-
1514107801839;-;-;18.640549;16.351395;-4.936157;-;-;-;-;-;-;-;-;-;-;-;-;-;-;-
1514107801859;-;-;12.740036;10.241394;-4.3172607;-;-;-;-;-;-;-;-;-;-;-;-;-;-;-
1514107801880;-;-;5.4796143;2.754715;-1.5172424;-;-;-;-;-;-;-;-;-;-;-;-;-;-;-
1514107801900;-;-;1.2634277;1.5923309;-2.547943;-;-;-;-;-;-;-;-;-;-;-;-;-;-;-
1514107801920;-;-;3.711502;2.3489075;-6.042282;-;-;-;-;-;-;-;-;-;-;-;-;-;-;-
1514107801940;-;-;7.8750153;5.3967285;-12.036163;-;-;-;-;-;-;-;-;-;-;-;-;-;-;-
1514107801961;-;-;7.509903;8.36792;-13.58522;-;-;-;-;-;-;-;-;-;-;-;-;-;-;-
1514107801981;-;-;6.8155823;6.463333;-9.791595;-;-;-;-;-;-;-;-;-;-;-;-;-;-;-
1514107802002;-;-;5.3024445;2.474594;-8.18869;-;-;-;-;-;-;-;-;-;-;-;-;-;-;-
1514107802022;-;-;4.0263367;0.12588501;-2.6748352;-;-;-;-;-;-;-;-;-;-;-;-;-;-;-
1514107802042;-;-;1.6788177;-2.0827637;-2.2582397;-;-;-;-;-;-;-;-;-;-;-;-;-;-;-
1514107802062;-;-;0.19561768;-3.6162567;-3.3643646;-;-;-;-;-;-;-;-;-;-;-;-;-;-;-
1514107802084;-;-;3.7833252;-3.5444183;-2.1648712;-;-;-;-;-;-;-;-;-;-;-;-;-;-;-
1514107802104;-;-;8.234146;-2.4311218;-2.5886536;-;-;-;-;-;-;-;-;-;-;-;-;-;-;-
1514107802125;-;-;9.61441;-0.75398254;-5.327606;-;-;-;-;-;-;-;-;-;-;-;-;-;-;-
1514107802145;-;-;8.594482;3.0647736;-5.286911;-;-;-;-;-;-;-;-;-;-;-;-;-;-;-
1514107802165;-;-;10.950378;6.367569;-3.2003632;-;-;-;-;-;-;-;-;-;-;-;-;-;-;-
1514107802186;-;-;10.8402405;1.7731018;-6.535492;-;-;-;-;-;-;-;-;-;-;-;-;-;-;-
1514107802206;-;-;10.578079;-3.1110687;-7.661957;-;-;-;-;-;-;-;-;-;-;-;-;-;-;-
1514107802226;-;-;10.819885;-4.925873;-3.590622;-;-;-;-;-;-;-;-;-;-;-;-;-;-;-
1514107802247;-;-;14.253174;-8.969681;3.5201569;-;-;-;-;-;-;-;-;-;-;-;-;-;-;-
1514107802267;-;-;21.086227;-13.851456;-2.0475616;-;-;-;-;-;-;-;-;-;-;-;-;-;-;-
1514107802287;-;-;21.53035;-13.911316;-10.275238;-;-;-;-;-;-;-;-;-;-;-;-;-;-;-
1514107802308;-;-;13.380493;-6.606613;-6.6516113;-;-;-;-;-;-;-;-;-;-;-;-;-;-;-
1514107802328;-;-;9.807144;-2.9686127;-3.662445;-;-;-;-;-;-;-;-;-;-;-;-;-;-;-
1514107802348;-;-;4.501587;-2.834549;-2.1253662;-;-;-;-;-;-;-;-;-;-;-;-;-;-;-
1514107802369;-;-;-0.36462402;-4.5727386;-5.0917816;-;-;-;-;-;-;-;-;-;-;-;-;-;-;-
1514107802389;-;-;-1.9567719;-4.202835;-11.070099;-;-;-;-;-;-;-;-;-;-;-;-;-;-;-
1514107802409;-;-;-2.8498077;-0.102752686;-9.310364;-;-;-;-;-;-;-;-;-;-;-;-;-;-;-
1514107802429;-;-;-3.637497;6.21434;-0.70321655;-;-;-;-;-;-;-;-;-;-;-;-;-;-;-
1514107802450;-;-;-4.858536;6.308914;0.8877411;-;-;-;-;-;-;-;-;-;-;-;-;-;-;-
1514107802470;-;-;-5.521744;1.6462097;0.9116821;-;-;-;-;-;-;-;-;-;-;-;-;-;-;-
1514107802490;-;-;-2.4786987;-6.1780396;2.5744476;-;-;-;-;-;-;-;-;-;-;-;-;-;-;-
1514107802511;-;-;-0.2137909;-13.761673;-8.170731;-;-;-;-;-;-;-;-;-;-;-;-;-;-;-
1514107802530;-;-;11.58963;-10.930542;-13.329041;-;-;-;-;-;-;-;-;-;-;-;-;-;-;-
1514107802550;-;-;15.707657;-0.8090515;-7.7313843;-;-;-;-;-;-;-;-;-;-;-;-;-;-;-
1514107802570;-;-;12.171417;4.0607605;2.3410187;-;-;-;-;-;-;-;-;-;-;-;-;-;-;-
1514107802591;-;-;8.92009;2.727188;-1.0515747;-;-;-;-;-;-;-;-;-;-;-;-;-;-;-
1514107802611;-;-;9.257675;-0.040512085;-5.5454865;-;-;-;-;-;-;-;-;-;-;-;-;-;-;-
1514107802631;-;-;11.776367;0.31982422;-7.673935;-;-;-;-;-;-;-;-;-;-;-;-;-;-;-
1514107802651;-;-;16.01889;-1.4662628;-7.189102;-;-;-;-;-;-;-;-;-;-;-;-;-;-;-
1514107802672;-;-;14.524918;-3.3385162;-5.977646;-;-;-;-;-;-;-;-;-;-;-;-;-;-;-
1514107802692;-;-;13.934738;-1.5787811;-3.5642853;-;-;-;-;-;-;-;-;-;-;-;-;-;-;-
1514107802712;-;-;14.210083;0.2743225;-2.1564941;-;-;-;-;-;-;-;-;-;-;-;-;-;-;-
1514107802733;-;-;14.070023;3.3820038;-2.105011;-;-;-;-;-;-;-;-;-;-;-;-;-;-;-
1514107802753;-;-;14.093964;6.103012;-3.199173;-;-;-;-;-;-;-;-;-;-;-;-;-;-;-
1514107802773;-;-;10.464355;8.214691;-4.0012207;-;-;-;-;-;-;-;-;-;-;-;-;-;-;-
1514107802794;-;-;8.801575;6.699173;-2.16008;-;-;-;-;-;-;-;-;-;-;-;-;-;-;-
1514107802814;-;-;7.3614655;5.08667;-3.0052338;-;-;-;-;-;-;-;-;-;-;-;-;-;-;-
1514107802834;-;-;5.6903076;5.4805145;-1.5675201;-;-;-;-;-;-;-;-;-;-;-;-;-;-;-
1514107802854;-;-;0.9533844;4.4905243;-0.5930786;-;-;-;-;-;-;-;-;-;-;-;-;-;-;-
1514107802875;-;-;-0.6004486;4.4282684;-2.6616669;-;-;-;-;-;-;-;-;-;-;-;-;-;-;-
1514107802895;-;-;-0.43644714;0.59036255;-5.464081;-;-;-;-;-;-;-;-;-;-;-;-;-;-;-
1514107802915;-;-;-0.33589172;-4.883972;-1.6992035;-;-;-;-;-;-;-;-;-;-;-;-;-;-;-
1514107802936;-;-;-0.21618652;-8.620132;-3.0531158;-;-;-;-;-;-;-;-;-;-;-;-;-;-;-
1514107802956;-;-;7.1052856;-5.1892395;-13.099197;-;-;-;-;-;-;-;-;-;-;-;-;-;-;-
1514107802976;-;-;6.86467;2.766693;-6.6671753;-;-;-;-;-;-;-;-;-;-;-;-;-;-;-
1514107802996;-;-;3.5163727;4.7562714;-7.7469482;-;-;-;-;-;-;-;-;-;-;-;-;-;-;-
1514107803017;-;-;5.495178;-0.8317871;-6.5570374;-;-;-;-;-;-;-;-;-;-;-;-;-;-;-
1514107803036;-;-;8.064163;-1.8026428;-1.1461334;-;-;-;-;-;-;-;-;-;-;-;-;-;-;-
1514107803056;-;-;11.603989;-0.20930481;0.9009094;-;-;-;-;-;-;-;-;-;-;-;-;-;-;-
1514107803076;-;-;12.586807;1.9813995;-5.0834045;-;-;-;-;-;-;-;-;-;-;-;-;-;-;-
1514107803097;-;-;15.162964;1.4055939;-8.198257;-;-;-;-;-;-;-;-;-;-;-;-;-;-;-
1514107803117;-;-;18.908691;0.08998108;-7.165161;-;-;-;-;-;-;-;-;-;-;-;-;-;-;-
1514107803137;-;-;19.119385;-4.329727;-4.6249084;-;-;-;-;-;-;-;-;-;-;-;-;-;-;-
1514107803157;-;-;17.292618;-6.942993;-1.7458801;-;-;-;-;-;-;-;-;-;-;-;-;-;-;-
1514107803178;-;-;16.279861;-7.353592;2.2524261;-;-;-;-;-;-;-;-;-;-;-;-;-;-;-
1514107803198;-;-;18.146149;-12.295227;-0.5332184;-;-;-;-;-;-;-;-;-;-;-;-;-;-;-
1514107803218;-;-;15.792648;-6.290573;-6.0003815;-;-;-;-;-;-;-;-;-;-;-;-;-;-;-
1514107803239;-;-;9.003891;-3.5097046;-6.9652405;-;-;-;-;-;-;-;-;-;-;-;-;-;-;-
1514107803259;-;-;2.6448822;-3.653366;-3.0375519;-;-;-;-;-;-;-;-;-;-;-;-;-;-;-
1514107803279;-;-;0.019638062;-4.2650757;-1.6608887;-;-;-;-;-;-;-;-;-;-;-;-;-;-;-
1514107803300;-;-;-2.044159;-3.1098785;-4.5219574;-;-;-;-;-;-;-;-;-;-;-;-;-;-;-
1514107803320;-;-;-6.589554;-1.7942657;-12.428818;-;-;-;-;-;-;-;-;-;-;-;-;-;-;-
1514107803340;-;-;-4.534134;-0.32901;-13.150665;-;-;-;-;-;-;-;-;-;-;-;-;-;-;-
1514107803361;-;-;-0.13598633;7.3659515;0.1826477;-;-;-;-;-;-;-;-;-;-;-;-;-;-;-
1514107803381;-;-;2.1002045;8.942535;3.2448273;-;-;-;-;-;-;-;-;-;-;-;-;-;-;-
1514107803401;-;-;0.032806396;-0.45111084;2.2955322;-;-;-;-;-;-;-;-;-;-;-;-;-;-;-
1514107803422;-;-;0.91267395;-9.7825165;-6.0674286;-;-;-;-;-;-;-;-;-;-;-;-;-;-;-
1514107803442;-;-;5.6029205;-10.4888;-13.028564;-;-;-;-;-;-;-;-;-;-;-;-;-;-;-
1514107803462;-;-;12.979462;-1.6673737;-10.982712;-;-;-;-;-;-;-;-;-;-;-;-;-;-;-
1514107803483;-;-;13.065643;2.529663;4.8836517;-;-;-;-;-;-;-;-;-;-;-;-;-;-;-
1514107803503;-;-;7.5601807;-0.1482544;-1.7578583;-;-;-;-;-;-;-;-;-;-;-;-;-;-;-
1514107803523;-;-;9.747284;-1.3477478;-9.011093;-;-;-;-;-;-;-;-;-;-;-;-;-;-;-
1514107803543;-;-;11.117966;-0.1590271;-9.148758;-;-;-;-;-;-;-;-;-;-;-;-;-;-;-
1514107803564;-;-;14.275925;0.42156982;-6.8191986;-;-;-;-;-;-;-;-;-;-;-;-;-;-;-
1514107803584;-;-;15.962631;0.65141296;-2.365982;-;-;-;-;-;-;-;-;-;-;-;-;-;-;-
1514107803604;-;-;12.723282;2.466217;-1.3939362;-;-;-;-;-;-;-;-;-;-;-;-;-;-;-
1514107803625;-;-;12.128311;2.8552704;-2.922638;-;-;-;-;-;-;-;-;-;-;-;-;-;-;-
1514107803645;-;-;13.083603;1.6533813;-4.1352997;-;-;-;-;-;-;-;-;-;-;-;-;-;-;-
1514107803665;-;-;12.087616;1.1374359;-3.432602;-;-;-;-;-;-;-;-;-;-;-;-;-;-;-
1514107803685;-;-;8.34787;2.6924744;-1.7327118;-;-;-;-;-;-;-;-;-;-;-;-;-;-;-
1514107803706;-;-;6.4289246;3.750702;-1.7937775;-;-;-;-;-;-;-;-;-;-;-;-;-;-;-
1514107803726;-;-;3.3104706;4.0416107;-1.164093;-;-;-;-;-;-;-;-;-;-;-;-;-;-;-
1514107803746;-;-;1.5220032;2.960617;-0.49731445;-;-;-;-;-;-;-;-;-;-;-;-;-;-;-
1514107803767;-;-;0.29138184;0.714859;0.77760315;-;-;-;-;-;-;-;-;-;-;-;-;-;-;-
1514107803787;-;-;-0.5609436;-0.8641205;-5.338394;-;-;-;-;-;-;-;-;-;-;-;-;-;-;-
1514107803807;-;-;-1.7388916;-1.656601;-7.148407;-;-;-;-;-;-;-;-;-;-;-;-;-;-;-
1514107803828;-;-;-2.7552338;-0.41041565;-14.497406;-;-;-;-;-;-;-;-;-;-;-;-;-;-;-
1514107803848;-;-;11.955933;0.72802734;-2.436615;-;-;-;-;-;-;-;-;-;-;-;-;-;-;-
1514107803868;-;-;16.495346;1.0919495;2.619934;-;-;-;-;-;-;-;-;-;-;-;-;-;-;-
1514107803888;-;-;9.355835;-1.4459076;-6.7437897;-;-;-;-;-;-;-;-;-;-;-;-;-;-;-
1514107803909;-;-;11.773972;-5.214386;-2.373169;-;-;-;-;-;-;-;-;-;-;-;-;-;-;-
1514107803929;-;-;12.811859;-4.1286163;-4.508789;-;-;-;-;-;-;-;-;-;-;-;-;-;-;-
1514107803949;-;-;9.720947;0.069625854;-5.7585754;-;-;-;-;-;-;-;-;-;-;-;-;-;-;-
1514107803970;-;-;8.629196;1.7156372;-3.0459442;-;-;-;-;-;-;-;-;-;-;-;-;-;-;-
1514107803990;-;-;7.3063965;2.466217;-3.7917328;-;-;-;-;-;-;-;-;-;-;-;-;-;-;-
1514107804010;-;-;7.0765533;2.5943146;-5.693924;-;-;-;-;-;-;-;-;-;-;-;-;-;-;-
1514107804030;-;-;4.2825165;1.6893005;-6.1464233;-;-;-;-;-;-;-;-;-;-;-;-;-;-;-
1514107804051;-;-;4.0838013;-0.641449;-3.156067;-;-;-;-;-;-;-;-;-;-;-;-;-;-;-
1514107804070;-;-;6.2673187;-3.5599823;-2.1181793;-;-;-;-;-;-;-;-;-;-;-;-;-;-;-
1514107804090;-;-;6.8790283;-2.5532227;-2.1145935;-;-;-;-;-;-;-;-;-;-;-;-;-;-;-
1514107804111;-;-;7.0849304;-0.51815796;-1.5771027;-;-;-;-;-;-;-;-;-;-;-;-;-;-;-
1514107804131;-;-;6.3175964;-0.20451355;-1.5471649;-;-;-;-;-;-;-;-;-;-;-;-;-;-;-
1514107804151;-;-;5.3383636;-1.1143036;-0.6601105;-;-;-;-;-;-;-;-;-;-;-;-;-;-;-
1514107804172;-;-;5.169571;-1.9989624;-0.46139526;-;-;-;-;-;-;-;-;-;-;-;-;-;-;-
1514107804192;-;-;4.936142;-2.87883;-0.3764038;-;-;-;-;-;-;-;-;-;-;-;-;-;-;-
1514107804212;-;-;5.4449005;-3.4582367;-0.7582855;-;-;-;-;-;-;-;-;-;-;-;-;-;-;-
1514107804232;-;-;7.8570557;-2.897995;-1.2873993;-;-;-;-;-;-;-;-;-;-;-;-;-;-;-
1514107804253;-;-;10.238098;-1.1406403;-1.0360107;-;-;-;-;-;-;-;-;-;-;-;-;-;-;-
1514107804273;-;-;11.891296;0.9866028;-1.5076599;-;-;-;-;-;-;-;-;-;-;-;-;-;-;-
1514107804293;-;-;11.82785;1.3265839;-2.1588898;-;-;-;-;-;-;-;-;-;-;-;-;-;-;-
1514107804315;-;-;9.189438;-0.289505;-3.346405;-;-;-;-;-;-;-;-;-;-;-;-;-;-;-
1514107804335;-;-;7.0095215;-0.22247314;-10.410507;-;-;-;-;-;-;-;-;-;-;-;-;-;-;-
1514107804355;-;-;9.462372;5.7414856;-14.564438;-;-;-;-;-;-;-;-;-;-;-;-;-;-;-
1514107804375;-;-;16.309784;8.417007;-3.8384247;-;-;-;-;-;-;-;-;-;-;-;-;-;-;-
1514107804395;-;-;15.247971;5.7366943;-4.472885;-;-;-;-;-;-;-;-;-;-;-;-;-;-;-
1514107804416;-;-;13.184158;-1.9355164;-7.9372864;-;-;-;-;-;-;-;-;-;-;-;-;-;-;-
1514107804436;-;-;13.229645;-6.1660767;-7.8918;-;-;-;-;-;-;-;-;-;-;-;-;-;-;-
1514107804456;-;-;11.479492;-3.7802582;-4.5423126;-;-;-;-;-;-;-;-;-;-;-;-;-;-;-
1514107804477;-;-;7.513489;0.848938;-3.5187988;-;-;-;-;-;-;-;-;-;-;-;-;-;-;-
1514107804497;-;-;4.1867523;4.4953003;-2.5970306;-;-;-;-;-;-;-;-;-;-;-;-;-;-;-
1514107804517;-;-;0.6505127;6.651291;-2.625763;-;-;-;-;-;-;-;-;-;-;-;-;-;-;-
1514107804538;-;-;1.1449127;5.340454;-3.1081848;-;-;-;-;-;-;-;-;-;-;-;-;-;-;-
1514107804557;-;-;3.608551;2.160965;-2.594635;-;-;-;-;-;-;-;-;-;-;-;-;-;-;-
1514107804577;-;-;4.469269;-0.45111084;-2.1768494;-;-;-;-;-;-;-;-;-;-;-;-;-;-;-
1514107804597;-;-;5.648407;-2.2862701;-1.6656799;-;-;-;-;-;-;-;-;-;-;-;-;-;-;-
1514107804618;-;-;7.427307;-3.4977417;-1.1186066;-;-;-;-;-;-;-;-;-;-;-;-;-;-;-
1514107804637;-;-;9.187042;-3.4845734;-0.98931885;-;-;-;-;-;-;-;-;-;-;-;-;-;-;-
1514107804657;-;-;9.754471;-1.7631378;-0.9162903;-;-;-;-;-;-;-;-;-;-;-;-;-;-;-
1514107804678;-;-;8.733337;0.19412231;-0.7379303;-;-;-;-;-;-;-;-;-;-;-;-;-;-;-
1514107804698;-;-;8.272461;1.8724518;-0.7080078;-;-;-;-;-;-;-;-;-;-;-;-;-;-;-
1514107804718;-;-;8.135986;2.785843;-0.9833374;-;-;-;-;-;-;-;-;-;-;-;-;-;-;-
1514107804738;-;-;8.540604;3.0132904;-0.8205261;-;-;-;-;-;-;-;-;-;-;-;-;-;-;-
1514107804759;-;-;10.14711;2.0927277;0.17425537;-;-;-;-;-;-;-;-;-;-;-;-;-;-;-
1514107804779;-;-;12.73645;0.62028503;-0.37521362;-;-;-;-;-;-;-;-;-;-;-;-;-;-;-
1514107804799;-;-;14.332184;-0.121917725;-1.5782928;-;-;-;-;-;-;-;-;-;-;-;-;-;-;-
1514107804820;-;-;13.539703;0.8513336;-1.1593018;-;-;-;-;-;-;-;-;-;-;-;-;-;-;-
1514107804840;-;-;10.789963;1.5624084;-1.4035187;-;-;-;-;-;-;-;-;-;-;-;-;-;-;-
1514107804860;-;-;7.394989;2.6038818;-10.473953;-;-;-;-;-;-;-;-;-;-;-;-;-;-;-
1514107804881;-;-;4.700302;4.770645;-15.6454315;-;-;-;-;-;-;-;-;-;-;-;-;-;-;-
1514107804901;-;-;0.71875;6.858383;-12.009827;-;-;-;-;-;-;-;-;-;-;-;-;-;-;-
1514107804921;-;-;8.835098;6.6979675;-7.809204;-;-;-;-;-;-;-;-;-;-;-;-;-;-;-
1514107804942;-;-;14.25676;-0.56962585;-11.169464;-;-;-;-;-;-;-;-;-;-;-;-;-;-;-
1514107804962;-;-;18.204803;-2.6633606;-11.784775;-;-;-;-;-;-;-;-;-;-;-;-;-;-;-
1514107804982;-;-;12.313873;-0.5097656;-6.5031586;-;-;-;-;-;-;-;-;-;-;-;-;-;-;-
1514107805003;-;-;10.344635;-1.3525391;-4.1688232;-;-;-;-;-;-;-;-;-;-;-;-;-;-;-
1514107805023;-;-;7.9540253;-2.104309;-5.6532288;-;-;-;-;-;-;-;-;-;-;-;-;-;-;-
1514107805043;-;-;6.1930847;-1.8349609;-6.3918304;-;-;-;-;-;-;-;-;-;-;-;-;-;-;-
1514107805064;-;-;4.198715;-2.2527466;-5.345566;-;-;-;-;-;-;-;-;-;-;-;-;-;-;-
1514107805084;-;-;4.1197205;-3.5563965;-5.2210693;-;-;-;-;-;-;-;-;-;-;-;-;-;-;-
1514107805104;-;-;5.162384;-3.8915863;-4.622528;-;-;-;-;-;-;-;-;-;-;-;-;-;-;-
1514107805125;-;-;6.2122498;-4.119034;-3.7306824;-;-;-;-;-;-;-;-;-;-;-;-;-;-;-
1514107805145;-;-;7.4644165;-5.087494;-3.5343628;-;-;-;-;-;-;-;-;-;-;-;-;-;-;-
1514107805166;-;-;7.67511;-6.708359;-3.2997284;-;-;-;-;-;-;-;-;-;-;-;-;-;-;-
1514107805186;-;-;6.355896;-6.9729156;-2.3228912;-;-;-;-;-;-;-;-;-;-;-;-;-;-;-
1514107805206;-;-;5.288086;-5.863205;-1.195221;-;-;-;-;-;-;-;-;-;-;-;-;-;-;-
1514107805226;-;-;5.7214355;-4.4266815;0.23292542;-;-;-;-;-;-;-;-;-;-;-;-;-;-;-
1514107805246;-;-;6.3032227;-2.7268066;0.42086792;-;-;-;-;-;-;-;-;-;-;-;-;-;-;-
1514107805267;-;-;6.13443;-2.2922516;0.429245;-;-;-;-;-;-;-;-;-;-;-;-;-;-;-
1514107805287;-;-;4.4237823;-2.3988037;-0.5021057;-;-;-;-;-;-;-;-;-;-;-;-;-;-;-
1514107805307;-;-;4.4967957;-3.155365;-0.9976959;-;-;-;-;-;-;-;-;-;-;-;-;-;-;-
1514107805328;-;-;7.458435;-2.8285522;0.050964355;-;-;-;-;-;-;-;-;-;-;-;-;-;-;-
1514107805348;-;-;10.860596;-1.4339294;0.26763916;-;-;-;-;-;-;-;-;-;-;-;-;-;-;-
1514107805367;-;-;12.763977;-1.254364;-1.124588;-;-;-;-;-;-;-;-;-;-;-;-;-;-;-
1514107805387;-;-;15.563995;-3.0356598;-4.2777557;-;-;-;-;-;-;-;-;-;-;-;-;-;-;-
1514107805408;-;-;20.6445;-4.3381042;-2.2091675;-;-;-;-;-;-;-;-;-;-;-;-;-;-;-
1514107805428;-;-;23.288895;-5.551956;-0.4159088;-;-;-;-;-;-;-;-;-;-;-;-;-;-;-
1514107805448;-;-;21.705124;-7.4338074;-0.69602966;-;-;-;-;-;-;-;-;-;-;-;-;-;-;-
1514107805468;-;-;17.388382;-7.6408997;-2.1564941;-;-;-;-;-;-;-;-;-;-;-;-;-;-;-
1514107805489;-;-;13.562439;-3.1649475;-3.2805634;-;-;-;-;-;-;-;-;-;-;-;-;-;-;-
1514107805509;-;-;9.00029;-8.458527;-6.090164;-;-;-;-;-;-;-;-;-;-;-;-;-;-;-
1514107805529;-;-;2.5742493;-8.099396;-9.402542;-;-;-;-;-;-;-;-;-;-;-;-;-;-;-
1514107805550;-;-;1.1006317;-3.6222382;-4.318451;-;-;-;-;-;-;-;-;-;-;-;-;-;-;-
1514107805570;-;-;4.524338;-5.0395966;-8.204239;-;-;-;-;-;-;-;-;-;-;-;-;-;-;-
1514107805590;-;-;7.463211;-9.65802;-13.402054;-;-;-;-;-;-;-;-;-;-;-;-;-;-;-
1514107805610;-;-;9.135559;-7.2650146;-8.055801;-;-;-;-;-;-;-;-;-;-;-;-;-;-;-
1514107805631;-;-;8.240128;-1.3082428;-3.8300323;-;-;-;-;-;-;-;-;-;-;-;-;-;-;-
1514107805651;-;-;1.0563354;2.0520172;-1.8009491;-;-;-;-;-;-;-;-;-;-;-;-;-;-;-
1514107805671;-;-;0.05555725;1.9754028;-3.5008392;-;-;-;-;-;-;-;-;-;-;-;-;-;-;-
1514107805692;-;-;2.948944;-0.21887207;-5.6280823;-;-;-;-;-;-;-;-;-;-;-;-;-;-;-
1514107805712;-;-;5.6112976;-1.107132;-5.2569885;-;-;-;-;-;-;-;-;-;-;-;-;-;-;-
1514107805732;-;-;6.858673;0.16778564;-3.2937317;-;-;-;-;-;-;-;-;-;-;-;-;-;-;-
1514107805753;-;-;6.457657;1.1326447;-1.5890656;-;-;-;-;-;-;-;-;-;-;-;-;-;-;-
1514107805773;-;-;11.756027;0.338974;-1.1030426;-;-;-;-;-;-;-;-;-;-;-;-;-;-;-
1514107805793;-;-;16.17572;-1.3561249;-4.1748047;-;-;-;-;-;-;-;-;-;-;-;-;-;-;-
1514107805813;-;-;13.306259;-4.077133;-8.085739;-;-;-;-;-;-;-;-;-;-;-;-;-;-;-
1514107805834;-;-;9.89093;-3.5851288;-7.591324;-;-;-;-;-;-;-;-;-;-;-;-;-;-;-
1514107805854;-;-;10.65947;-0.8688965;-5.8387756;-;-;-;-;-;-;-;-;-;-;-;-;-;-;-
1514107805874;-;-;11.083252;7.052307;-3.0267792;-;-;-;-;-;-;-;-;-;-;-;-;-;-;-
1514107805894;-;-;10.716934;13.198227;-1.5866699;-;-;-;-;-;-;-;-;-;-;-;-;-;-;-
1514107805915;-;-;9.430054;12.931274;-3.5702667;-;-;-;-;-;-;-;-;-;-;-;-;-;-;-
1514107805934;-;-;11.100006;8.469681;-5.452118;-;-;-;-;-;-;-;-;-;-;-;-;-;-;-
1514107805954;-;-;9.592865;7.689163;-1.6764526;-;-;-;-;-;-;-;-;-;-;-;-;-;-;-
1514107805974;-;-;2.8639526;4.212784;1.9016724;-;-;-;-;-;-;-;-;-;-;-;-;-;-;-
1514107805995;-;-;0.19082642;0.064834595;-4.1544495;-;-;-;-;-;-;-;-;-;-;-;-;-;-;-
1514107806015;-;-;0.26264954;1.0488586;-4.9600983;-;-;-;-;-;-;-;-;-;-;-;-;-;-;-
1514107806035;-;-;-1.111618;-1.2878876;-1.100647;-;-;-;-;-;-;-;-;-;-;-;-;-;-;-
1514107806055;-;-;-0.6794586;-4.0065002;-5.2450104;-;-;-;-;-;-;-;-;-;-;-;-;-;-;-
1514107806076;-;-;-3.5022278;-5.535202;-8.316772;-;-;-;-;-;-;-;-;-;-;-;-;-;-;-
1514107806096;-;-;-5.7001038;-3.933487;-9.67189;-;-;-;-;-;-;-;-;-;-;-;-;-;-;-
1514107806116;-;-;9.850235;0.87646484;-5.286911;-;-;-;-;-;-;-;-;-;-;-;-;-;-;-
1514107806137;-;-;8.578918;3.666916;-6.384659;-;-;-;-;-;-;-;-;-;-;-;-;-;-;-
1514107806157;-;-;5.0103607;1.3768616;-9.088898;-;-;-;-;-;-;-;-;-;-;-;-;-;-;-
1514107806177;-;-;9.287598;-1.1789551;-4.651245;-;-;-;-;-;-;-;-;-;-;-;-;-;-;-
1514107806197;-;-;10.502655;-0.7420044;1.6215515;-;-;-;-;-;-;-;-;-;-;-;-;-;-;-
1514107806218;-;-;11.716522;1.8090057;-4.8894806;-;-;-;-;-;-;-;-;-;-;-;-;-;-;-
1514107806238;-;-;13.481049;2.3309479;-6.8335724;-;-;-;-;-;-;-;-;-;-;-;-;-;-;-
1514107806258;-;-;18.2491;1.2559509;-6.66597;-;-;-;-;-;-;-;-;-;-;-;-;-;-;-
1514107806279;-;-;17.69603;-2.775879;-8.169525;-;-;-;-;-;-;-;-;-;-;-;-;-;-;-
1514107806298;-;-;15.257538;-8.693161;-1.1162109;-;-;-;-;-;-;-;-;-;-;-;-;-;-;-
1514107806318;-;-;22.525146;-8.84877;3.9295654;-;-;-;-;-;-;-;-;-;-;-;-;-;-;-
1514107806339;-;-;21.45253;-11.213058;-4.302902;-;-;-;-;-;-;-;-;-;-;-;-;-;-;-
1514107806359;-;-;13.40921;-6.0750885;-10.204605;-;-;-;-;-;-;-;-;-;-;-;-;-;-;-
1514107806379;-;-;6.7892456;-3.024887;-7.6248474;-;-;-;-;-;-;-;-;-;-;-;-;-;-;-
1514107806399;-;-;1.2239227;-5.6525116;0.3095398;-;-;-;-;-;-;-;-;-;-;-;-;-;-;-
1514107806419;-;-;-3.0712738;-8.440567;-5.4748535;-;-;-;-;-;-;-;-;-;-;-;-;-;-;-
1514107806440;-;-;-1.9388123;-5.6034393;-9.906525;-;-;-;-;-;-;-;-;-;-;-;-;-;-;-
1514107806461;-;-;-2.6379242;2.6026917;-8.769272;-;-;-;-;-;-;-;-;-;-;-;-;-;-;-
1514107806481;-;-;-2.5912323;10.552643;2.9994202;-;-;-;-;-;-;-;-;-;-;-;-;-;-;-
1514107806501;-;-;-3.905655;11.816772;-1.7698364;-;-;-;-;-;-;-;-;-;-;-;-;-;-;-
1514107806521;-;-;-5.688141;3.9530182;-1.7566681;-;-;-;-;-;-;-;-;-;-;-;-;-;-;-
1514107806542;-;-;-2.933609;-4.618225;2.0405426;-;-;-;-;-;-;-;-;-;-;-;-;-;-;-
1514107806562;-;-;1.9481659;-12.450851;-4.0239716;-;-;-;-;-;-;-;-;-;-;-;-;-;-;-
1514107806582;-;-;12.577225;-10.741394;-7.1627655;-;-;-;-;-;-;-;-;-;-;-;-;-;-;-
1514107806603;-;-;19.929825;-4.0663605;-11.248474;-;-;-;-;-;-;-;-;-;-;-;-;-;-;-
1514107806623;-;-;9.357025;-0.7156677;-3.1333313;-;-;-;-;-;-;-;-;-;-;-;-;-;-;-
1514107806643;-;-;9.621582;1.1757507;-3.8707428;-;-;-;-;-;-;-;-;-;-;-;-;-;-;-
1514107806664;-;-;8.03064;0.7735138;-7.828354;-;-;-;-;-;-;-;-;-;-;-;-;-;-;-
1514107806684;-;-;14.558426;-0.77194214;-7.1855164;-;-;-;-;-;-;-;-;-;-;-;-;-;-;-
1514107806704;-;-;19.643723;-3.4319;-11.1539;-;-;-;-;-;-;-;-;-;-;-;-;-;-;-
1514107806725;-;-;17.054382;-1.5213165;-9.222977;-;-;-;-;-;-;-;-;-;-;-;-;-;-;-
1514107806744;-;-;14.787079;5.450592;-5.922577;-;-;-;-;-;-;-;-;-;-;-;-;-;-;-
1514107806764;-;-;15.032486;7.9273987;-5.2486115;-;-;-;-;-;-;-;-;-;-;-;-;-;-;-
1514107806785;-;-;12.456329;8.244629;-6.472046;-;-;-;-;-;-;-;-;-;-;-;-;-;-;-
1514107806804;-;-;11.533356;8.285324;-4.6249084;-;-;-;-;-;-;-;-;-;-;-;-;-;-;-
1514107806824;-;-;4.9181824;8.372711;-4.45253;-;-;-;-;-;-;-;-;-;-;-;-;-;-;-
1514107806845;-;-;3.1548462;6.9709167;-1.040802;-;-;-;-;-;-;-;-;-;-;-;-;-;-;-
1514107806865;-;-;0.5487671;3.1485596;-1.4992828;-;-;-;-;-;-;-;-;-;-;-;-;-;-;-
1514107806885;-;-;-3.3142853;0.45988464;1.6993713;-;-;-;-;-;-;-;-;-;-;-;-;-;-;-
1514107806906;-;-;-2.8318481;-3.5085144;3.8661194;-;-;-;-;-;-;-;-;-;-;-;-;-;-;-
1514107806926;-;-;-0.24731445;-8.411835;-2.986084;-;-;-;-;-;-;-;-;-;-;-;-;-;-;-
1514107806946;-;-;-3.2017517;-11.126862;-11.299942;-;-;-;-;-;-;-;-;-;-;-;-;-;-;-
1514107806967;-;-;-1.1547089;-9.225861;-14.773941;-;-;-;-;-;-;-;-;-;-;-;-;-;-;-
1514107806987;-;-;11.5525055;1.1769409;-9.870605;-;-;-;-;-;-;-;-;-;-;-;-;-;-;-
1514107807007;-;-;11.240067;11.262512;1.018219;-;-;-;-;-;-;-;-;-;-;-;-;-;-;-
1514107807028;-;-;-0.079711914;7.956131;-6.4277496;-;-;-;-;-;-;-;-;-;-;-;-;-;-;-
1514107807048;-;-;5.4652557;-1.4267578;-4.0790405;-;-;-;-;-;-;-;-;-;-;-;-;-;-;-
1514107807068;-;-;7.126831;-2.2120514;1.0278015;-;-;-;-;-;-;-;-;-;-;-;-;-;-;-
1514107807088;-;-;11.917633;-1.2747192;-2.3671875;-;-;-;-;-;-;-;-;-;-;-;-;-;-;-
1514107807108;-;-;13.795883;0.38685608;-7.8894043;-;-;-;-;-;-;-;-;-;-;-;-;-;-;-
1514107807129;-;-;14.425552;-0.4666748;-7.409378;-;-;-;-;-;-;-;-;-;-;-;-;-;-;-
1514107807149;-;-;13.32782;-1.7284241;-5.669983;-;-;-;-;-;-;-;-;-;-;-;-;-;-;-
1514107807169;-;-;11.37056;-2.6418152;-3.6995544;-;-;-;-;-;-;-;-;-;-;-;-;-;-;-
1514107807190;-;-;9.468353;-2.4371033;-2.6197662;-;-;-;-;-;-;-;-;-;-;-;-;-;-;-
1514107807210;-;-;9.476746;-0.20451355;-2.630539;-;-;-;-;-;-;-;-;-;-;-;-;-;-;-
1514107807230;-;-;11.337036;-2.0540314;-4.780533;-;-;-;-;-;-;-;-;-;-;-;-;-;-;-
1514107807250;-;-;11.799118;-3.855667;-6.5726013;-;-;-;-;-;-;-;-;-;-;-;-;-;-;-
1514107807271;-;-;10.027405;-4.6792755;-7.7637177;-;-;-;-;-;-;-;-;-;-;-;-;-;-;-
1514107807291;-;-;7.7684784;-3.3576813;-6.9855957;-;-;-;-;-;-;-;-;-;-;-;-;-;-;-
1514107807311;-;-;5.814804;-2.1390228;-4.2095184;-;-;-;-;-;-;-;-;-;-;-;-;-;-;-
1514107807332;-;-;6.339142;-0.6713867;-1.2957764;-;-;-;-;-;-;-;-;-;-;-;-;-;-;-
1514107807352;-;-;9.244507;1.2930603;-2.0475616;-;-;-;-;-;-;-;-;-;-;-;-;-;-;-
1514107807372;-;-;11.501038;3.4645996;-2.97052;-;-;-;-;-;-;-;-;-;-;-;-;-;-;-
1514107807392;-;-;6.7677;2.1980743;-2.5599213;-;-;-;-;-;-;-;-;-;-;-;-;-;-;-
1514107807413;-;-;3.160843;1.4498749;-8.89856;-;-;-;-;-;-;-;-;-;-;-;-;-;-;-
1514107807433;-;-;-0.12998962;-0.12310791;-12.135529;-;-;-;-;-;-;-;-;-;-;-;-;-;-;-
1514107807455;-;-;-3.5680695;-3.2678986;-0.48654175;-;-;-;-;-;-;-;-;-;-;-;-;-;-;-
1514107807475;-;-;-1.621582;-4.9438324;7.568756;-;-;-;-;-;-;-;-;-;-;-;-;-;-;-
1514107807495;-;-;8.156342;-3.9286957;-9.578522;-;-;-;-;-;-;-;-;-;-;-;-;-;-;-
1514107807515;-;-;12.224091;-3.941864;-13.160248;-;-;-;-;-;-;-;-;-;-;-;-;-;-;-
1514107807536;-;-;15.789047;2.0795593;-2.898697;-;-;-;-;-;-;-;-;-;-;-;-;-;-;-
1514107807556;-;-;11.720108;3.5400238;-0.0029144287;-;-;-;-;-;-;-;-;-;-;-;-;-;-;-
1514107807576;-;-;9.124786;0.7471771;-4.2011414;-;-;-;-;-;-;-;-;-;-;-;-;-;-;-
1514107807597;-;-;9.388153;-0.20930481;-7.3040314;-;-;-;-;-;-;-;-;-;-;-;-;-;-;-
1514107807617;-;-;8.532227;0.15940857;-5.9441223;-;-;-;-;-;-;-;-;-;-;-;-;-;-;-
1514107807637;-;-;5.838745;-0.9467163;-4.1987457;-;-;-;-;-;-;-;-;-;-;-;-;-;-;-
1514107807658;-;-;3.9772644;-0.8868561;-3.6241455;-;-;-;-;-;-;-;-;-;-;-;-;-;-;-
1514107807678;-;-;3.4696808;1.8580933;-3.274582;-;-;-;-;-;-;-;-;-;-;-;-;-;-;-
1514107807698;-;-;4.469269;3.292221;-3.6420898;-;-;-;-;-;-;-;-;-;-;-;-;-;-;-
1514107807718;-;-;6.153595;2.8361206;-3.7989197;-;-;-;-;-;-;-;-;-;-;-;-;-;-;-
1514107807739;-;-;7.739746;1.4199524;-3.8683472;-;-;-;-;-;-;-;-;-;-;-;-;-;-;-
1514107807760;-;-;8.004303;0.37010193;-2.859192;-;-;-;-;-;-;-;-;-;-;-;-;-;-;-
1514107807780;-;-;7.569763;-0.2607727;-1.6848297;-;-;-;-;-;-;-;-;-;-;-;-;-;-;-
1514107807801;-;-;6.2948456;0.20968628;-0.61701965;-;-;-;-;-;-;-;-;-;-;-;-;-;-;-
1514107807821;-;-;5.352722;1.2056732;-0.12741089;-;-;-;-;-;-;-;-;-;-;-;-;-;-;-
1514107807841;-;-;5.023529;1.6521912;-0.19683838;-;-;-;-;-;-;-;-;-;-;-;-;-;-;-
1514107807862;-;-;5.466446;1.6258545;-0.49012756;-;-;-;-;-;-;-;-;-;-;-;-;-;-;-
1514107807882;-;-;6.4839935;1.7970428;-1.1856384;-;-;-;-;-;-;-;-;-;-;-;-;-;-;-
1514107807902;-;-;8.040222;1.540863;-1.5495605;-;-;-;-;-;-;-;-;-;-;-;-;-;-;-
1514107807923;-;-;9.382172;0.27313232;-1.1293793;-;-;-;-;-;-;-;-;-;-;-;-;-;-;-
1514107807943;-;-;11.741653;-1.7882843;-1.5567474;-;-;-;-;-;-;-;-;-;-;-;-;-;-;-
1514107807963;-;-;15.243179;-1.9630585;-2.7945404;-;-;-;-;-;-;-;-;-;-;-;-;-;-;-
1514107807984;-;-;12.701736;1.4008026;-3.895874;-;-;-;-;-;-;-;-;-;-;-;-;-;-;-
1514107808004;-;-;8.847061;5.433838;-9.255295;-;-;-;-;-;-;-;-;-;-;-;-;-;-;-
1514107808024;-;-;3.3894806;6.9194336;-11.505844;-;-;-;-;-;-;-;-;-;-;-;-;-;-;-
1514107808045;-;-;1.7841644;6.2310944;-12.054123;-;-;-;-;-;-;-;-;-;-;-;-;-;-;-
1514107808065;-;-;9.669479;0.98062134;-9.944824;-;-;-;-;-;-;-;-;-;-;-;-;-;-;-
1514107808085;-;-;15.795044;-3.744339;-10.904907;-;-;-;-;-;-;-;-;-;-;-;-;-;-;-
1514107808106;-;-;16.471405;0.41319275;-9.522247;-;-;-;-;-;-;-;-;-;-;-;-;-;-;-
1514107808126;-;-;11.438782;4.2906036;-6.25058;-;-;-;-;-;-;-;-;-;-;-;-;-;-;-
1514107808146;-;-;9.179855;0.53889465;-7.500351;-;-;-;-;-;-;-;-;-;-;-;-;-;-;-
1514107808167;-;-;7.818756;-2.6094818;-6.076996;-;-;-;-;-;-;-;-;-;-;-;-;-;-;-
1514107808187;-;-;3.7857208;-2.6992645;-5.468872;-;-;-;-;-;-;-;-;-;-;-;-;-;-;-
1514107808207;-;-;1.4274292;-1.8313751;-4.9529266;-;-;-;-;-;-;-;-;-;-;-;-;-;-;-
1514107808227;-;-;4.2418213;-1.5763855;-6.761734;-;-;-;-;-;-;-;-;-;-;-;-;-;-;-
1514107808248;-;-;6.8048096;-1.5512543;-7.4907684;-;-;-;-;-;-;-;-;-;-;-;-;-;-;-
1514107808268;-;-;8.923676;-2.1557922;-5.654419;-;-;-;-;-;-;-;-;-;-;-;-;-;-;-
1514107808288;-;-;9.2756195;-3.8448944;-4.6201324;-;-;-;-;-;-;-;-;-;-;-;-;-;-;-
1514107808309;-;-;6.339142;-4.812149;-3.8503876;-;-;-;-;-;-;-;-;-;-;-;-;-;-;-
1514107808329;-;-;3.861145;-4.6349792;-1.6704712;-;-;-;-;-;-;-;-;-;-;-;-;-;-;-
1514107808349;-;-;2.7119293;-4.6086426;-0.7690582;-;-;-;-;-;-;-;-;-;-;-;-;-;-;-
1514107808370;-;-;1.9038849;-4.087906;-1.3400726;-;-;-;-;-;-;-;-;-;-;-;-;-;-;-
1514107808390;-;-;0.87316895;-3.084732;-1.9829102;-;-;-;-;-;-;-;-;-;-;-;-;-;-;-
1514107808410;-;-;1.7195282;-2.2515564;-1.6513214;-;-;-;-;-;-;-;-;-;-;-;-;-;-;-
1514107808431;-;-;9.033813;-3.3074036;-2.3935242;-;-;-;-;-;-;-;-;-;-;-;-;-;-;-
1514107808450;-;-;12.24205;-3.1541748;-1.8739777;-;-;-;-;-;-;-;-;-;-;-;-;-;-;-
1514107808470;-;-;14.656601;-1.6386414;-0.68644714;-;-;-;-;-;-;-;-;-;-;-;-;-;-;-
1514107808490;-;-;14.682938;-0.55766296;-1.069519;-;-;-;-;-;-;-;-;-;-;-;-;-;-;-
1514107808511;-;-;15.176132;-3.6797028;-1.6381531;-;-;-;-;-;-;-;-;-;-;-;-;-;-;-
1514107808531;-;-;14.153809;-6.3193054;-0.6900482;-;-;-;-;-;-;-;-;-;-;-;-;-;-;-
1514107808551;-;-;14.699692;-4.0184784;-0.36442566;-;-;-;-;-;-;-;-;-;-;-;-;-;-;-
1514107808572;-;-;14.260361;0.11631775;-0.26148987;-;-;-;-;-;-;-;-;-;-;-;-;-;-;-
1514107808592;-;-;10.79715;2.5464325;-3.4900665;-;-;-;-;-;-;-;-;-;-;-;-;-;-;-
1514107808612;-;-;5.22583;3.7183838;-18.212006;-;-;-;-;-;-;-;-;-;-;-;-;-;-;-
1514107808632;-;-;3.7019196;3.730362;-16.197296;-;-;-;-;-;-;-;-;-;-;-;-;-;-;-
1514107808653;-;-;6.220627;2.6529694;-6.021927;-;-;-;-;-;-;-;-;-;-;-;-;-;-;-
1514107808673;-;-;9.639542;2.351303;-7.579361;-;-;-;-;-;-;-;-;-;-;-;-;-;-;-
1514107808694;-;-;14.699692;0.5843811;-10.982712;-;-;-;-;-;-;-;-;-;-;-;-;-;-;-
1514107808715;-;-;16.120651;-0.73483276;-9.291214;-;-;-;-;-;-;-;-;-;-;-;-;-;-;-
1514107808735;-;-;11.583633;0.7795105;-4.943344;-;-;-;-;-;-;-;-;-;-;-;-;-;-;-
1514107808755;-;-;6.60968;1.2104645;-2.994461;-;-;-;-;-;-;-;-;-;-;-;-;-;-;-
1514107808775;-;-;5.442505;-0.68814087;-1.9230652;-;-;-;-;-;-;-;-;-;-;-;-;-;-;-
1514107808795;-;-;5.8997955;-1.427948;0.9344177;-;-;-;-;-;-;-;-;-;-;-;-;-;-;-
1514107808816;-;-;5.829178;-1.170578;1.3174896;-;-;-;-;-;-;-;-;-;-;-;-;-;-;-
1514107808836;-;-;5.774109;0.3677063;1.196579;-;-;-;-;-;-;-;-;-;-;-;-;-;-;-
1514107808857;-;-;7.086136;1.2763062;-0.60743713;-;-;-;-;-;-;-;-;-;-;-;-;-;-;-
1514107808876;-;-;7.2106323;-0.1590271;-3.4541473;-;-;-;-;-;-;-;-;-;-;-;-;-;-;-
1514107808896;-;-;6.959244;-1.0065765;-3.6959686;-;-;-;-;-;-;-;-;-;-;-;-;-;-;-
1514107808917;-;-;5.20549;-0.1769867;-1.713562;-;-;-;-;-;-;-;-;-;-;-;-;-;-;-
1514107808937;-;-;2.046341;1.9610443;0.83506775;-;-;-;-;-;-;-;-;-;-;-;-;-;-;-
1514107808958;-;-;2.7849426;3.094696;2.3493958;-;-;-;-;-;-;-;-;-;-;-;-;-;-;-
1514107808977;-;-;7.032257;2.327362;3.2136993;-;-;-;-;-;-;-;-;-;-;-;-;-;-;-
1514107808997;-;-;10.44519;0.7028961;2.1363068;-;-;-;-;-;-;-;-;-;-;-;-;-;-;-
1514107809017;-;-;11.262817;1.6976776;0.63275146;-;-;-;-;-;-;-;-;-;-;-;-;-;-;-
1514107809038;-;-;13.039307;5.6529083;-0.073532104;-;-;-;-;-;-;-;-;-;-;-;-;-;-;-
1514107809058;-;-;18.463379;7.9393616;-2.804123;-;-;-;-;-;-;-;-;-;-;-;-;-;-;-
1514107809078;-;-;22.752594;9.599747;-4.0036163;-;-;-;-;-;-;-;-;-;-;-;-;-;-;-
1514107809099;-;-;23.539078;9.624878;-4.1197357;-;-;-;-;-;-;-;-;-;-;-;-;-;-;-
1514107809119;-;-;18.472946;9.380676;-3.847992;-;-;-;-;-;-;-;-;-;-;-;-;-;-;-
1514107809139;-;-;2.2450562;9.986404;-4.593796;-;-;-;-;-;-;-;-;-;-;-;-;-;-;-
1514107809159;-;-;1.4405975;3.707611;-0.8360901;-;-;-;-;-;-;-;-;-;-;-;-;-;-;-
1514107809180;-;-;1.5926361;1.9418945;-3.1093903;-;-;-;-;-;-;-;-;-;-;-;-;-;-;-
1514107809200;-;-;6.8323517;2.881607;-8.085739;-;-;-;-;-;-;-;-;-;-;-;-;-;-;-
1514107809220;-;-;8.867416;7.632904;-11.3250885;-;-;-;-;-;-;-;-;-;-;-;-;-;-;-
1514107809241;-;-;8.790802;8.080627;-9.2217865;-;-;-;-;-;-;-;-;-;-;-;-;-;-;-
1514107809261;-;-;5.1037292;4.383972;-9.287628;-;-;-;-;-;-;-;-;-;-;-;-;-;-;-
1514107809281;-;-;3.5271454;0.80584717;-6.552246;-;-;-;-;-;-;-;-;-;-;-;-;-;-;-
1514107809302;-;-;2.0978088;-3.5528107;-0.4278717;-;-;-;-;-;-;-;-;-;-;-;-;-;-;-
1514107809322;-;-;1.5220032;-3.5647736;-2.282196;-;-;-;-;-;-;-;-;-;-;-;-;-;-;-
1514107809342;-;-;3.3104706;-2.9710083;-3.7677917;-;-;-;-;-;-;-;-;-;-;-;-;-;-;-
1514107809363;-;-;6.929306;-1.9055939;-3.3727417;-;-;-;-;-;-;-;-;-;-;-;-;-;-;-
1514107809383;-;-;9.886154;-1.4064026;-4.259796;-;-;-;-;-;-;-;-;-;-;-;-;-;-;-
1514107809403;-;-;9.682648;-0.3541565;-6.030304;-;-;-;-;-;-;-;-;-;-;-;-;-;-;-
1514107809424;-;-;9.209793;0.9925842;-5.8387756;-;-;-;-;-;-;-;-;-;-;-;-;-;-;-
1514107809443;-;-;15.574768;4.2941895;-3.3428192;-;-;-;-;-;-;-;-;-;-;-;-;-;-;-
1514107809463;-;-;17.329727;1.7060547;-5.9441223;-;-;-;-;-;-;-;-;-;-;-;-;-;-;-
1514107809484;-;-;15.550827;-5.993698;-6.5965424;-;-;-;-;-;-;-;-;-;-;-;-;-;-;-
1514107809504;-;-;13.72525;-7.472107;0.78479004;-;-;-;-;-;-;-;-;-;-;-;-;-;-;-
1514107809524;-;-;18.553162;-10.584579;-0.05558777;-;-;-;-;-;-;-;-;-;-;-;-;-;-;-
1514107809544;-;-;19.010452;-10.784485;-7.646393;-;-;-;-;-;-;-;-;-;-;-;-;-;-;-
1514107809565;-;-;15.22522;-5.856018;-8.193466;-;-;-;-;-;-;-;-;-;-;-;-;-;-;-
1514107809585;-;-;12.422806;-2.3006287;-4.3244476;-;-;-;-;-;-;-;-;-;-;-;-;-;-;-
1514107809605;-;-;7.7996063;-2.692093;0.06413269;-;-;-;-;-;-;-;-;-;-;-;-;-;-;-
1514107809626;-;-;0.16329956;-5.918274;-3.9186249;-;-;-;-;-;-;-;-;-;-;-;-;-;-;-
1514107809646;-;-;-3.7979126;-6.132553;-12.9184265;-;-;-;-;-;-;-;-;-;-;-;-;-;-;-
1514107809666;-;-;-3.8158722;-1.4327393;-11.491486;-;-;-;-;-;-;-;-;-;-;-;-;-;-;-
1514107809686;-;-;-2.1878052;3.666916;-5.1229095;-;-;-;-;-;-;-;-;-;-;-;-;-;-;-
1514107809707;-;-;-2.3326569;4.862808;-1.1293793;-;-;-;-;-;-;-;-;-;-;-;-;-;-;-
1514107809727;-;-;-6.1693726;6.119766;0.7345123;-;-;-;-;-;-;-;-;-;-;-;-;-;-;-
1514107809747;-;-;-2.0716858;-1.8397522;7.1521606;-;-;-;-;-;-;-;-;-;-;-;-;-;-;-
1514107809768;-;-;-0.49032593;-9.844772;-5.6448517;-;-;-;-;-;-;-;-;-;-;-;-;-;-;-
1514107809787;-;-;10.059723;-12.823151;-13.891678;-;-;-;-;-;-;-;-;-;-;-;-;-;-;-
1514107809807;-;-;16.348099;-4.516464;-10.046585;-;-;-;-;-;-;-;-;-;-;-;-;-;-;-
1514107809827;-;-;7.1567535;2.69487;3.271164;-;-;-;-;-;-;-;-;-;-;-;-;-;-;-
1514107809848;-;-;5.7298126;2.332138;1.236084;-;-;-;-;-;-;-;-;-;-;-;-;-;-;-
1514107809868;-;-;6.8359375;1.169754;-4.7865295;-;-;-;-;-;-;-;-;-;-;-;-;-;-;-
1514107809888;-;-;11.358582;1.0141296;-5.373108;-;-;-;-;-;-;-;-;-;-;-;-;-;-;-
1514107809909;-;-;12.732849;-1.6134949;-6.1703796;-;-;-;-;-;-;-;-;-;-;-;-;-;-;-
1514107809928;-;-;10.774399;-2.1617737;-5.962082;-;-;-;-;-;-;-;-;-;-;-;-;-;-;-
1514107809949;-;-;11.007828;1.6234589;-5.1300964;-;-;-;-;-;-;-;-;-;-;-;-;-;-;-
1514107809970;-;-;13.973053;4.2618713;-5.0367126;-;-;-;-;-;-;-;-;-;-;-;-;-;-;-
1514107809990;-;-;15.856094;5.684021;-2.6437073;-;-;-;-;-;-;-;-;-;-;-;-;-;-;-
1514107810010;-;-;15.438309;6.2502594;-4.709915;-;-;-;-;-;-;-;-;-;-;-;-;-;-;-
1514107810031;-;-;13.794678;8.154846;-5.3288116;-;-;-;-;-;-;-;-;-;-;-;-;-;-;-
1514107810051;-;-;11.70694;7.7214966;-2.4809113;-;-;-;-;-;-;-;-;-;-;-;-;-;-;-
1514107810071;-;-;8.966782;4.423477;-0.7103882;-;-;-;-;-;-;-;-;-;-;-;-;-;-;-
1514107810092;-;-;7.6104584;0.9578705;0.11201477;-;-;-;-;-;-;-;-;-;-;-;-;-;-;-
1514107810112;-;-;6.2780914;2.0460358;1.844223;-;-;-;-;-;-;-;-;-;-;-;-;-;-;-
1514107810132;-;-;2.319275;4.3372955;1.4707184;-;-;-;-;-;-;-;-;-;-;-;-;-;-;-
1514107810153;-;-;0.23631287;3.410736;-5.1983337;-;-;-;-;-;-;-;-;-;-;-;-;-;-;-
1514107810173;-;-;-2.3302612;-1.7619476;-5.6173096;-;-;-;-;-;-;-;-;-;-;-;-;-;-;-
1514107810193;-;-;1.6357269;-4.369232;-8.963211;-;-;-;-;-;-;-;-;-;-;-;-;-;-;-
1514107810213;-;-;17.661316;-2.190506;-19.53122;-;-;-;-;-;-;-;-;-;-;-;-;-;-;-
1514107810234;-;-;7.3494873;0.23242188;-2.9298248;-;-;-;-;-;-;-;-;-;-;-;-;-;-;-
1514107810254;-;-;-0.81832886;2.284256;-9.906525;-;-;-;-;-;-;-;-;-;-;-;-;-;-;-
1514107810274;-;-;7.453644;0.9303436;-4.3172607;-;-;-;-;-;-;-;-;-;-;-;-;-;-;-
1514107810295;-;-;6.8131866;-3.163742;-1.2155762;-;-;-;-;-;-;-;-;-;-;-;-;-;-;-
1514107810315;-;-;9.109222;0.04208374;0.60762024;-;-;-;-;-;-;-;-;-;-;-;-;-;-;-
1514107810335;-;-;7.61644;1.4905853;-4.4345703;-;-;-;-;-;-;-;-;-;-;-;-;-;-;-
1514107810356;-;-;8.892548;-0.60554504;-5.0271454;-;-;-;-;-;-;-;-;-;-;-;-;-;-;-
1514107810375;-;-;9.312744;-3.4738007;-3.2949371;-;-;-;-;-;-;-;-;-;-;-;-;-;-;-
1514107810395;-;-;7.988739;-4.482956;-2.2857819;-;-;-;-;-;-;-;-;-;-;-;-;-;-;-
1514107810415;-;-;6.7186127;-4.1381836;-1.8093262;-;-;-;-;-;-;-;-;-;-;-;-;-;-;-
1514107810436;-;-;3.229065;-2.3556976;-3.408661;-;-;-;-;-;-;-;-;-;-;-;-;-;-;-
1514107810456;-;-;1.3244781;-0.24281311;-2.895111;-;-;-;-;-;-;-;-;-;-;-;-;-;-;-
1514107810476;-;-;0.5930481;1.9514618;-2.4090881;-;-;-;-;-;-;-;-;-;-;-;-;-;-;-
1514107810496;-;-;1.0575256;0.5556488;-3.3272552;-;-;-;-;-;-;-;-;-;-;-;-;-;-;-
1514107810517;-;-;3.553482;-1.225647;-3.0555115;-;-;-;-;-;-;-;-;-;-;-;-;-;-;-
1514107810537;-;-;4.1604156;-2.3281708;-1.8679962;-;-;-;-;-;-;-;-;-;-;-;-;-;-;-
1514107810557;-;-;4.102951;-4.000519;-2.7059631;-;-;-;-;-;-;-;-;-;-;-;-;-;-;-
1514107810578;-;-;5.2066803;-2.969818;-1.2754211;-;-;-;-;-;-;-;-;-;-;-;-;-;-;-
1514107810597;-;-;10.953964;-3.2631073;-0.64575195;-;-;-;-;-;-;-;-;-;-;-;-;-;-;-
1514107810617;-;-;15.641815;-5.973343;-3.724701;-;-;-;-;-;-;-;-;-;-;-;-;-;-;-
1514107810637;-;-;19.382751;-8.666824;-6.6432343;-;-;-;-;-;-;-;-;-;-;-;-;-;-;-
1514107810657;-;-;23.801254;-8.097;-7.796036;-;-;-;-;-;-;-;-;-;-;-;-;-;-;-
1514107810678;-;-;24.764908;-4.18367;-5.5706177;-;-;-;-;-;-;-;-;-;-;-;-;-;-;-
1514107810698;-;-;20.777374;-3.0236816;-4.911026;-;-;-;-;-;-;-;-;-;-;-;-;-;-;-
1514107810718;-;-;14.206482;-9.095383;-1.2993622;-;-;-;-;-;-;-;-;-;-;-;-;-;-;-
1514107810738;-;-;3.498413;-10.2769165;-2.5407562;-;-;-;-;-;-;-;-;-;-;-;-;-;-;-
1514107810758;-;-;1.5686951;-8.022781;-2.547943;-;-;-;-;-;-;-;-;-;-;-;-;-;-;-
1514107810779;-;-;3.067459;-4.6146393;-9.519867;-;-;-;-;-;-;-;-;-;-;-;-;-;-;-
1514107810798;-;-;3.0758362;-2.0229034;-13.027359;-;-;-;-;-;-;-;-;-;-;-;-;-;-;-
1514107810818;-;-;6.3618774;-0.6522217;-9.55098;-;-;-;-;-;-;-;-;-;-;-;-;-;-;-
1514107810838;-;-;12.87291;-2.2838745;-5.868698;-;-;-;-;-;-;-;-;-;-;-;-;-;-;-
1514107810859;-;-;9.92804;-4.3787994;-5.8699036;-;-;-;-;-;-;-;-;-;-;-;-;-;-;-
1514107810879;-;-;5.097748;-2.921936;-4.097;-;-;-;-;-;-;-;-;-;-;-;-;-;-;-
1514107810899;-;-;3.5486908;0.1558075;-3.7067413;-;-;-;-;-;-;-;-;-;-;-;-;-;-;-
1514107810919;-;-;3.7126923;3.240738;-3.9258118;-;-;-;-;-;-;-;-;-;-;-;-;-;-;-
1514107810939;-;-;4.5626373;3.6501465;-3.7474365;-;-;-;-;-;-;-;-;-;-;-;-;-;-;-
1514107810960;-;-;5.825577;2.0639954;-3.1177673;-;-;-;-;-;-;-;-;-;-;-;-;-;-;-
1514107810980;-;-;6.084152;0.3796692;-4.3519745;-;-;-;-;-;-;-;-;-;-;-;-;-;-;-
1514107811000;-;-;6.4959564;-0.38049316;-4.2562103;-;-;-;-;-;-;-;-;-;-;-;-;-;-;-
1514107811020;-;-;6.9736023;-0.5253296;-3.5535126;-;-;-;-;-;-;-;-;-;-;-;-;-;-;-
1514107811041;-;-;6.6815033;-0.95269775;-2.4940796;-;-;-;-;-;-;-;-;-;-;-;-;-;-;-
1514107811061;-;-;5.5071564;-1.3262024;-1.8129272;-;-;-;-;-;-;-;-;-;-;-;-;-;-;-
1514107811081;-;-;3.1021729;0.2707367;-1.8105316;-;-;-;-;-;-;-;-;-;-;-;-;-;-;-
1514107811102;-;-;2.7765656;2.026886;-0.7008209;-;-;-;-;-;-;-;-;-;-;-;-;-;-;-
1514107811122;-;-;5.319214;3.395172;-0.55836487;-;-;-;-;-;-;-;-;-;-;-;-;-;-;-
1514107811142;-;-;9.330688;3.0013275;-1.6944122;-;-;-;-;-;-;-;-;-;-;-;-;-;-;-
1514107811163;-;-;12.054092;2.2615204;-2.4593658;-;-;-;-;-;-;-;-;-;-;-;-;-;-;-
1514107811182;-;-;11.6315155;2.8708344;-2.7239227;-;-;-;-;-;-;-;-;-;-;-;-;-;-;-
1514107811202;-;-;11.60878;2.3405304;-0.083114624;-;-;-;-;-;-;-;-;-;-;-;-;-;-;-
1514107811223;-;-;9.14035;-0.9503021;-7.076584;-;-;-;-;-;-;-;-;-;-;-;-;-;-;-
1514107811244;-;-;6.9700165;2.3201752;-6.6994934;-;-;-;-;-;-;-;-;-;-;-;-;-;-;-
1514107811263;-;-;6.5594025;5.8623962;-4.1113586;-;-;-;-;-;-;-;-;-;-;-;-;-;-;-
1514107811283;-;-;9.087677;4.281021;-6.463669;-;-;-;-;-;-;-;-;-;-;-;-;-;-;-
1514107811304;-;-;7.8630524;0.9171753;-8.873428;-;-;-;-;-;-;-;-;-;-;-;-;-;-;-
1514107811324;-;-;7.0813446;0.16059875;-9.175095;-;-;-;-;-;-;-;-;-;-;-;-;-;-;-
1514107811344;-;-;7.822342;-2.7100372;-8.270081;-;-;-;-;-;-;-;-;-;-;-;-;-;-;-
1514107811364;-;-;9.367798;-2.2743073;-4.244232;-;-;-;-;-;-;-;-;-;-;-;-;-;-;-
1514107811384;-;-;9.511459;1.0787811;-4.7434235;-;-;-;-;-;-;-;-;-;-;-;-;-;-;-
1514107811405;-;-;7.6104584;1.8652802;-4.1221313;-;-;-;-;-;-;-;-;-;-;-;-;-;-;-
1514107811425;-;-;6.138031;1.3612976;-4.2167053;-;-;-;-;-;-;-;-;-;-;-;-;-;-;-
1514107811446;-;-;4.920578;0.2192688;-3.511612;-;-;-;-;-;-;-;-;-;-;-;-;-;-;-
1514107811466;-;-;4.55307;-1.4686584;-2.6078033;-;-;-;-;-;-;-;-;-;-;-;-;-;-;-
1514107811487;-;-;5.1240845;-2.818985;-2.3049316;-;-;-;-;-;-;-;-;-;-;-;-;-;-;-
1514107811507;-;-;5.497574;-2.645401;-2.8579865;-;-;-;-;-;-;-;-;-;-;-;-;-;-;-
1514107811527;-;-;6.316391;-1.6266632;-3.1057892;-;-;-;-;-;-;-;-;-;-;-;-;-;-;-
1514107811547;-;-;6.7401733;-1.0712128;-3.3009186;-;-;-;-;-;-;-;-;-;-;-;-;-;-;-
1514107811569;-;-;6.2948456;-0.996994;-3.073471;-;-;-;-;-;-;-;-;-;-;-;-;-;-;-
1514107811590;-;-;5.4173737;-1.2974701;-3.3835144;-;-;-;-;-;-;-;-;-;-;-;-;-;-;-
1514107811609;-;-;5.4915924;-1.4578705;-4.100586;-;-;-;-;-;-;-;-;-;-;-;-;-;-;-
1514107811629;-;-;6.1835175;0.7878876;-7.6140747;-;-;-;-;-;-;-;-;-;-;-;-;-;-;-
1514107811649;-;-;7.423706;0.32699585;0.006668091;-;-;-;-;-;-;-;-;-;-;-;-;-;-;-
1514107811670;-;-;6.8634644;-4.4099274;-1.8093262;-;-;-;-;-;-;-;-;-;-;-;-;-;-;-
1514107811690;-;-;7.7648926;-5.159317;-3.0028381;-;-;-;-;-;-;-;-;-;-;-;-;-;-;-
1514107811711;-;-;7.9899445;-5.1844482;-1.9230652;-;-;-;-;-;-;-;-;-;-;-;-;-;-;-
1514107811731;-;-;8.730942;-4.763077;-1.5735016;-;-;-;-;-;-;-;-;-;-;-;-;-;-;-
1514107811751;-;-;9.6072235;-1.8217926;-3.3248596;-;-;-;-;-;-;-;-;-;-;-;-;-;-;-
1514107811772;-;-;9.3546295;2.5583954;-3.6576538;-;-;-;-;-;-;-;-;-;-;-;-;-;-;-
1514107811792;-;-;6.84671;2.3417206;-10.977936;-;-;-;-;-;-;-;-;-;-;-;-;-;-;-
1514107811812;-;-;5.533493;0.119903564;-11.734497;-;-;-;-;-;-;-;-;-;-;-;-;-;-;-
1514107811833;-;-;9.821503;1.8329468;-6.035095;-;-;-;-;-;-;-;-;-;-;-;-;-;-;-
1514107811853;-;-;12.884888;2.45784;-2.8783417;-;-;-;-;-;-;-;-;-;-;-;-;-;-;-
1514107811873;-;-;15.812988;-0.03453064;-4.1819916;-;-;-;-;-;-;-;-;-;-;-;-;-;-;-
1514107811894;-;-;16.48935;-4.144165;-5.556259;-;-;-;-;-;-;-;-;-;-;-;-;-;-;-
1514107811914;-;-;14.445908;-6.186432;-5.7082977;-;-;-;-;-;-;-;-;-;-;-;-;-;-;-
1514107811934;-;-;11.491455;-3.5097046;-4.203537;-;-;-;-;-;-;-;-;-;-;-;-;-;-;-
1514107811954;-;-;6.434906;2.0651855;-2.7191315;-;-;-;-;-;-;-;-;-;-;-;-;-;-;-
1514107811975;-;-;2.236679;6.621353;-2.4773102;-;-;-;-;-;-;-;-;-;-;-;-;-;-;-
1514107811995;-;-;0.25906372;8.583405;-2.922638;-;-;-;-;-;-;-;-;-;-;-;-;-;-;-
1514107812015;-;-;0.26864624;8.391876;-2.6640625;-;-;-;-;-;-;-;-;-;-;-;-;-;-;-
1514107812036;-;-;2.303711;2.3764343;-3.7713776;-;-;-;-;-;-;-;-;-;-;-;-;-;-;-
1514107812056;-;-;5.3299866;-2.0061493;-3.104599;-;-;-;-;-;-;-;-;-;-;-;-;-;-;-
1514107812076;-;-;7.945648;-4.8253174;-2.9238281;-;-;-;-;-;-;-;-;-;-;-;-;-;-;-
1514107812097;-;-;10.449982;-5.974533;-1.7698364;-;-;-;-;-;-;-;-;-;-;-;-;-;-;-
1514107812117;-;-;10.821091;-5.2718353;-1.1018524;-;-;-;-;-;-;-;-;-;-;-;-;-;-;-
1514107812138;-;-;9.797562;-2.111496;-1.0994568;-;-;-;-;-;-;-;-;-;-;-;-;-;-;-
1514107812158;-;-;9.325912;0.14503479;-0.23036194;-;-;-;-;-;-;-;-;-;-;-;-;-;-;-
1514107812178;-;-;8.465195;1.2858734;0.6542969;-;-;-;-;-;-;-;-;-;-;-;-;-;-;-
1514107812198;-;-;8.027054;2.5344543;-0.037628174;-;-;-;-;-;-;-;-;-;-;-;-;-;-;-
1514107812219;-;-;8.296402;3.3772125;-1.025238;-;-;-;-;-;-;-;-;-;-;-;-;-;-;-
1514107812239;-;-;9.434845;3.611847;-1.0288239;-;-;-;-;-;-;-;-;-;-;-;-;-;-;-
1514107812258;-;-;11.625534;3.1449738;-1.322113;-;-;-;-;-;-;-;-;-;-;-;-;-;-;-
1514107812278;-;-;14.502167;3.1521606;-1.9781189;-;-;-;-;-;-;-;-;-;-;-;-;-;-;-
1514107812299;-;-;16.429504;3.4550323;-3.3799286;-;-;-;-;-;-;-;-;-;-;-;-;-;-;-
1514107812319;-;-;14.190918;3.714798;-4.0311584;-;-;-;-;-;-;-;-;-;-;-;-;-;-;-
1514107812339;-;-;8.616028;2.9247131;-10.892929;-;-;-;-;-;-;-;-;-;-;-;-;-;-;-
1514107812360;-;-;5.0378876;2.3776398;-12.453949;-;-;-;-;-;-;-;-;-;-;-;-;-;-;-
1514107812380;-;-;4.2633667;2.2662964;-8.564575;-;-;-;-;-;-;-;-;-;-;-;-;-;-;-
1514107812400;-;-;6.0614166;2.363266;-5.832794;-;-;-;-;-;-;-;-;-;-;-;-;-;-;-
1514107812421;-;-;4.2633667;0.48860168;-10.606827;-;-;-;-;-;-;-;-;-;-;-;-;-;-;-
1514107812441;-;-;6.8395233;-2.6358185;-10.384171;-;-;-;-;-;-;-;-;-;-;-;-;-;-;-
1514107812461;-;-;12.1019745;-4.3464813;-7.721817;-;-;-;-;-;-;-;-;-;-;-;-;-;-;-
1514107812481;-;-;11.51062;-5.8105316;-5.4652863;-;-;-;-;-;-;-;-;-;-;-;-;-;-;-
1514107812502;-;-;9.778412;-4.5009003;-6.9412994;-;-;-;-;-;-;-;-;-;-;-;-;-;-;-
1514107812522;-;-;8.758484;-1.992981;-6.4516907;-;-;-;-;-;-;-;-;-;-;-;-;-;-;-
1514107812542;-;-;7.193863;-0.41160583;-6.82399;-;-;-;-;-;-;-;-;-;-;-;-;-;-;-
1514107812563;-;-;6.218231;-0.4092102;-6.8431396;-;-;-;-;-;-;-;-;-;-;-;-;-;-;-
1514107812583;-;-;5.455673;-2.0396729;-5.91658;-;-;-;-;-;-;-;-;-;-;-;-;-;-;-
1514107812604;-;-;5.431732;-4.492523;-4.543518;-;-;-;-;-;-;-;-;-;-;-;-;-;-;-
1514107812624;-;-;4.9098053;-5.9769287;-3.7713776;-;-;-;-;-;-;-;-;-;-;-;-;-;-;-
1514107812645;-;-;4.4046173;-6.2379;-3.4864655;-;-;-;-;-;-;-;-;-;-;-;-;-;-;-
1514107812665;-;-;5.201889;-6.206772;-3.1847992;-;-;-;-;-;-;-;-;-;-;-;-;-;-;-
1514107812686;-;-;6.4480743;-5.5292206;-1.8979187;-;-;-;-;-;-;-;-;-;-;-;-;-;-;-
1514107812707;-;-;7.197464;-4.432678;-0.7702484;-;-;-;-;-;-;-;-;-;-;-;-;-;-;-
1514107812727;-;-;5.781296;-3.823349;0.7069702;-;-;-;-;-;-;-;-;-;-;-;-;-;-;-
1514107812747;-;-;4.118515;-3.7586975;0.68782043;-;-;-;-;-;-;-;-;-;-;-;-;-;-;-
1514107812767;-;-;4.688339;-3.1134644;1.5329742;-;-;-;-;-;-;-;-;-;-;-;-;-;-;-
1514107812788;-;-;7.5673676;-3.0655823;0.47712708;-;-;-;-;-;-;-;-;-;-;-;-;-;-;-
1514107812808;-;-;10.009445;-3.4187317;-1.8691864;-;-;-;-;-;-;-;-;-;-;-;-;-;-;-
1514107812829;-;-;10.874954;-4.1968384;-2.231903;-;-;-;-;-;-;-;-;-;-;-;-;-;-;-
1514107812849;-;-;10.846222;-4.4973145;-2.263031;-;-;-;-;-;-;-;-;-;-;-;-;-;-;-
1514107812869;-;-;13.261978;-3.498932;-2.9298248;-;-;-;-;-;-;-;-;-;-;-;-;-;-;-
1514107812889;-;-;18.738708;-0.9945984;-3.018402;-;-;-;-;-;-;-;-;-;-;-;-;-;-;-
1514107812910;-;-;22.096573;0.5951538;-5.4341583;-;-;-;-;-;-;-;-;-;-;-;-;-;-;-
1514107812930;-;-;18.817719;-5.7949677;-5.3312073;-;-;-;-;-;-;-;-;-;-;-;-;-;-;-
1514107812950;-;-;17.741531;-8.520767;-2.9238281;-;-;-;-;-;-;-;-;-;-;-;-;-;-;-
1514107812970;-;-;21.262192;-5.914688;0.5202179;-;-;-;-;-;-;-;-;-;-;-;-;-;-;-
1514107812991;-;-;15.342529;-12.551407;-10.177063;-;-;-;-;-;-;-;-;-;-;-;-;-;-;-
1514107813011;-;-;6.70784;-10.814423;-8.165939;-;-;-;-;-;-;-;-;-;-;-;-;-;-;-
1514107813032;-;-;2.7574158;-6.9801025;-1.5375977;-;-;-;-;-;-;-;-;-;-;-;-;-;-;-
1514107813052;-;-;-0.91529846;-3.950241;-6.266144;-;-;-;-;-;-;-;-;-;-;-;-;-;-;-
1514107813072;-;-;1.604599;-5.7195587;-11.578873;-;-;-;-;-;-;-;-;-;-;-;-;-;-;-
1514107813092;-;-;6.60968;-6.005661;-7.857086;-;-;-;-;-;-;-;-;-;-;-;-;-;-;-
1514107813113;-;-;9.610809;-3.6617432;-0.90312195;-;-;-;-;-;-;-;-;-;-;-;-;-;-;-
1514107813133;-;-;4.5518646;-0.92396545;-0.14775085;-;-;-;-;-;-;-;-;-;-;-;-;-;-;-
1514107813153;-;-;-0.25090027;-0.8748932;-1.526825;-;-;-;-;-;-;-;-;-;-;-;-;-;-;-
1514107813174;-;-;0.16569519;-1.4818115;-1.9877014;-;-;-;-;-;-;-;-;-;-;-;-;-;-;-
1514107813194;-;-;3.2338562;-2.2982483;-2.8172913;-;-;-;-;-;-;-;-;-;-;-;-;-;-;-
1514107813214;-;-;4.9816284;-2.0372772;-3.0124207;-;-;-;-;-;-;-;-;-;-;-;-;-;-;-
1514107813235;-;-;6.1056976;-0.06324768;-2.2582397;-;-;-;-;-;-;-;-;-;-;-;-;-;-;-
1514107813255;-;-;9.386963;0.87527466;-1.7758179;-;-;-;-;-;-;-;-;-;-;-;-;-;-;-
1514107813275;-;-;12.060089;0.9135742;-2.6125946;-;-;-;-;-;-;-;-;-;-;-;-;-;-;-
1514107813296;-;-;10.406891;0.4802246;-5.8064575;-;-;-;-;-;-;-;-;-;-;-;-;-;-;-
1514107813316;-;-;9.71257;-1.7379913;-8.9296875;-;-;-;-;-;-;-;-;-;-;-;-;-;-;-
1514107813336;-;-;9.680252;-0.7300415;-6.6276703;-;-;-;-;-;-;-;-;-;-;-;-;-;-;-
1514107813356;-;-;10.773193;0.74598694;-6.4888;-;-;-;-;-;-;-;-;-;-;-;-;-;-;-
1514107813377;-;-;11.032974;5.4709473;-6.2457886;-;-;-;-;-;-;-;-;-;-;-;-;-;-;-
1514107813397;-;-;12.342606;7.094208;-3.302124;-;-;-;-;-;-;-;-;-;-;-;-;-;-;-
1514107813417;-;-;12.655045;6.842819;-4.223892;-;-;-;-;-;-;-;-;-;-;-;-;-;-;-
1514107813437;-;-;11.696167;6.6740265;-5.0834045;-;-;-;-;-;-;-;-;-;-;-;-;-;-;-
1514107813458;-;-;12.216904;5.8276825;-3.590622;-;-;-;-;-;-;-;-;-;-;-;-;-;-;-
1514107813478;-;-;7.396179;6.0682983;-1.1772614;-;-;-;-;-;-;-;-;-;-;-;-;-;-;-
1514107813498;-;-;2.7214966;4.767044;-1.001297;-;-;-;-;-;-;-;-;-;-;-;-;-;-;-
1514107813519;-;-;1.8787384;3.52565;1.239685;-;-;-;-;-;-;-;-;-;-;-;-;-;-;-
1514107813538;-;-;2.7203064;2.4398804;-3.6516724;-;-;-;-;-;-;-;-;-;-;-;-;-;-;-
1514107813558;-;-;2.2151337;0.1797638;-7.0358734;-;-;-;-;-;-;-;-;-;-;-;-;-;-;-
1514107813578;-;-;1.8440247;-2.399994;-6.7485657;-;-;-;-;-;-;-;-;-;-;-;-;-;-;-
1514107813599;-;-;4.01915;-0.54808044;-16.015335;-;-;-;-;-;-;-;-;-;-;-;-;-;-;-
1514107813618;-;-;3.4840546;-0.9431305;-3.3200684;-;-;-;-;-;-;-;-;-;-;-;-;-;-;-
1514107813638;-;-;-3.111969;1.2523651;-3.9329834;-;-;-;-;-;-;-;-;-;-;-;-;-;-;-
1514107813658;-;-;3.912613;-1.2459869;-6.421768;-;-;-;-;-;-;-;-;-;-;-;-;-;-;-
1514107813678;-;-;7.177109;-3.6401978;-1.9290466;-;-;-;-;-;-;-;-;-;-;-;-;-;-;-
1514107813699;-;-;6.0219116;-3.2140198;-2.1062164;-;-;-;-;-;-;-;-;-;-;-;-;-;-;-
1514107813719;-;-;7.669113;1.2020874;-1.8572235;-;-;-;-;-;-;-;-;-;-;-;-;-;-;-
1514107813739;-;-;5.6939087;3.1485596;-5.191147;-;-;-;-;-;-;-;-;-;-;-;-;-;-;-
1514107813759;-;-;9.802353;4.6569214;-6.9089813;-;-;-;-;-;-;-;-;-;-;-;-;-;-;-
1514107813780;-;-;13.564835;3.6705017;-9.469589;-;-;-;-;-;-;-;-;-;-;-;-;-;-;-
1514107813800;-;-;13.72644;1.8413391;-7.5661926;-;-;-;-;-;-;-;-;-;-;-;-;-;-;-
1514107813820;-;-;14.023331;-4.0196686;-3.282959;-;-;-;-;-;-;-;-;-;-;-;-;-;-;-
1514107813840;-;-;17.134598;-6.79335;-0.5439911;-;-;-;-;-;-;-;-;-;-;-;-;-;-;-
1514107813861;-;-;18.313736;-9.459305;3.2412415;-;-;-;-;-;-;-;-;-;-;-;-;-;-;-
1514107813880;-;-;20.083054;-10.322403;-1.48732;-;-;-;-;-;-;-;-;-;-;-;-;-;-;-
1514107813900;-;-;15.432312;-9.446136;-5.385071;-;-;-;-;-;-;-;-;-;-;-;-;-;-;-
1514107813920;-;-;10.889313;-9.0056;-4.37352;-;-;-;-;-;-;-;-;-;-;-;-;-;-;-
1514107813940;-;-;10.336258;-7.8336334;-2.7897644;-;-;-;-;-;-;-;-;-;-;-;-;-;-;-
1514107813961;-;-;9.486313;-3.3816223;-4.401062;-;-;-;-;-;-;-;-;-;-;-;-;-;-;-
1514107813981;-;-;3.5091858;-0.8641205;-16.209259;-;-;-;-;-;-;-;-;-;-;-;-;-;-;-
1514107814001;-;-;-2.9599457;-1.2651367;-19.650925;-;-;-;-;-;-;-;-;-;-;-;-;-;-;-
1514107814021;-;-;-7.5795593;0.58677673;-8.306;-;-;-;-;-;-;-;-;-;-;-;-;-;-;-
1514107814042;-;-;-8.492935;9.586578;1.0254059;-;-;-;-;-;-;-;-;-;-;-;-;-;-;-
1514107814061;-;-;-1.5557404;10.759735;0.27122498;-;-;-;-;-;-;-;-;-;-;-;-;-;-;-
1514107814081;-;-;0.38835144;-0.838974;7.596283;-;-;-;-;-;-;-;-;-;-;-;-;-;-;-
1514107814101;-;-;-1.5988312;-12.079758;-3.0088348;-;-;-;-;-;-;-;-;-;-;-;-;-;-;-
1514107814121;-;-;3.7749481;-17.11116;-8.46521;-;-;-;-;-;-;-;-;-;-;-;-;-;-;-
1514107814142;-;-;18.66568;-4.939041;-10.843857;-;-;-;-;-;-;-;-;-;-;-;-;-;-;-
1514107814162;-;-;6.841919;2.7212067;3.2113037;-;-;-;-;-;-;-;-;-;-;-;-;-;-;-
1514107814182;-;-;4.031128;1.8952026;-3.0638885;-;-;-;-;-;-;-;-;-;-;-;-;-;-;-
1514107814202;-;-;11.163452;1.101532;-5.365921;-;-;-;-;-;-;-;-;-;-;-;-;-;-;-
1514107814222;-;-;17.759476;-2.2587433;-12.898071;-;-;-;-;-;-;-;-;-;-;-;-;-;-;-
1514107814243;-;-;18.54837;-2.1091003;-17.133423;-;-;-;-;-;-;-;-;-;-;-;-;-;-;-
1514107814262;-;-;12.898056;2.936676;-12.960327;-;-;-;-;-;-;-;-;-;-;-;-;-;-;-
1514107814283;-;-;10.926422;5.1405487;-3.5630798;-;-;-;-;-;-;-;-;-;-;-;-;-;-;-
1514107814303;-;-;13.069244;5.458969;-2.7478638;-;-;-;-;-;-;-;-;-;-;-;-;-;-;-
1514107814323;-;-;12.647858;7.7765656;-5.496399;-;-;-;-;-;-;-;-;-;-;-;-;-;-;-
1514107814343;-;-;11.775177;9.377075;-5.887863;-;-;-;-;-;-;-;-;-;-;-;-;-;-;-
1514107814363;-;-;9.902908;8.863525;-5.4784546;-;-;-;-;-;-;-;-;-;-;-;-;-;-;-
1514107814384;-;-;7.0370483;7.5910034;-3.140503;-;-;-;-;-;-;-;-;-;-;-;-;-;-;-
1514107814404;-;-;2.9992218;4.715576;-1.3963318;-;-;-;-;-;-;-;-;-;-;-;-;-;-;-
1514107814424;-;-;-0.041412354;1.8018341;-1.3496399;-;-;-;-;-;-;-;-;-;-;-;-;-;-;-
1514107814444;-;-;-1.0541534;2.5488129;0.86380005;-;-;-;-;-;-;-;-;-;-;-;-;-;-;-
1514107814465;-;-;-1.9639587;-2.6597595;-1.0898743;-;-;-;-;-;-;-;-;-;-;-;-;-;-;-
1514107814484;-;-;-1.5964355;-6.29776;-2.0715027;-;-;-;-;-;-;-;-;-;-;-;-;-;-;-
1514107814504;-;-;-6.3668823;-12.6819;-8.425705;-;-;-;-;-;-;-;-;-;-;-;-;-;-;-
1514107814524;-;-;-2.341034;-9.604141;-12.743652;-;-;-;-;-;-;-;-;-;-;-;-;-;-;-
1514107814545;-;-;8.238937;-0.38407898;-11.248474;-;-;-;-;-;-;-;-;-;-;-;-;-;-;-
1514107814565;-;-;18.80574;9.582977;1.3869324;-;-;-;-;-;-;-;-;-;-;-;-;-;-;-
1514107814585;-;-;3.229065;6.663254;-2.4318237;-;-;-;-;-;-;-;-;-;-;-;-;-;-;-
1514107814605;-;-;7.778061;-1.1633911;-4.69075;-;-;-;-;-;-;-;-;-;-;-;-;-;-;-
1514107814625;-;-;9.977127;-1.5009766;-2.9513702;-;-;-;-;-;-;-;-;-;-;-;-;-;-;-
1514107814646;-;-;12.410828;1.6737366;-3.3559875;-;-;-;-;-;-;-;-;-;-;-;-;-;-;-
1514107814665;-;-;16.01889;1.4582672;-5.812439;-;-;-;-;-;-;-;-;-;-;-;-;-;-;-
1514107814685;-;-;15.537659;0.038497925;-6.563019;-;-;-;-;-;-;-;-;-;-;-;-;-;-;-
1514107814706;-;-;15.420349;-1.0005798;-4.440567;-;-;-;-;-;-;-;-;-;-;-;-;-;-;-
1514107814726;-;-;17.002914;-2.1330414;-1.3173218;-;-;-;-;-;-;-;-;-;-;-;-;-;-;-
1514107814746;-;-;18.560349;-4.9330597;-2.3791504;-;-;-;-;-;-;-;-;-;-;-;-;-;-;-
1514107814766;-;-;17.28064;-6.617386;-4.7865295;-;-;-;-;-;-;-;-;-;-;-;-;-;-;-
1514107814787;-;-;9.656311;-5.4262695;-4.92778;-;-;-;-;-;-;-;-;-;-;-;-;-;-;-
1514107814806;-;-;3.960495;-3.965805;-3.1632538;-;-;-;-;-;-;-;-;-;-;-;-;-;-;-
1514107814826;-;-;2.7646027;-0.21170044;-1.0802917;-;-;-;-;-;-;-;-;-;-;-;-;-;-;-
1514107814847;-;-;3.9557037;2.53685;-1.4765472;-;-;-;-;-;-;-;-;-;-;-;-;-;-;-
1514107814867;-;-;3.3212433;4.162506;-2.2366943;-;-;-;-;-;-;-;-;-;-;-;-;-;-;-
1514107814887;-;-;-0.8027649;5.036392;-2.9501648;-;-;-;-;-;-;-;-;-;-;-;-;-;-;-
1514107814907;-;-;-3.4076538;4.3097534;-3.1907806;-;-;-;-;-;-;-;-;-;-;-;-;-;-;-
1514107814927;-;-;-4.0301514;1.4331207;-3.247055;-;-;-;-;-;-;-;-;-;-;-;-;-;-;-
1514107814948;-;-;-6.9690247;-1.4135895;-8.1779175;-;-;-;-;-;-;-;-;-;-;-;-;-;-;-
1514107814968;-;-;-9.89595;-4.479355;-13.324249;-;-;-;-;-;-;-;-;-;-;-;-;-;-;-
1514107814988;-;-;5.0462646;-6.484497;-2.1038208;-;-;-;-;-;-;-;-;-;-;-;-;-;-;-
1514107815008;-;-;23.480423;-1.4267578;1.6574707;-;-;-;-;-;-;-;-;-;-;-;-;-;-;-
1514107815028;-;-;31.398056;0.19651794;-8.467606;-;-;-;-;-;-;-;-;-;-;-;-;-;-;-
1514107815049;-;-;20.293747;-1.2160645;-13.281158;-;-;-;-;-;-;-;-;-;-;-;-;-;-;-
1514107815069;-;-;15.208466;1.1829224;-7.2956543;-;-;-;-;-;-;-;-;-;-;-;-;-;-;-
1514107815090;-;-;6.005142;2.1753235;-1.8093262;-;-;-;-;-;-;-;-;-;-;-;-;-;-;-
1514107815110;-;-;3.042328;1.1901093;-1.8991089;-;-;-;-;-;-;-;-;-;-;-;-;-;-;-
1514107815130;-;-;3.2577972;-0.6294861;-4.0119934;-;-;-;-;-;-;-;-;-;-;-;-;-;-;-
1514107815151;-;-;4.193939;-0.4271698;-3.1057892;-;-;-;-;-;-;-;-;-;-;-;-;-;-;-
1514107815171;-;-;3.773758;1.7120514;-2.491684;-;-;-;-;-;-;-;-;-;-;-;-;-;-;-
1514107815191;-;-;4.0299377;3.3089752;-0.551178;-;-;-;-;-;-;-;-;-;-;-;-;-;-;-
1514107815212;-;-;4.1005554;0.92555237;-0.22557068;-;-;-;-;-;-;-;-;-;-;-;-;-;-;-
1514107815232;-;-;6.446884;-0.32421875;-1.3508453;-;-;-;-;-;-;-;-;-;-;-;-;-;-;-
1514107815252;-;-;6.8610687;-0.2033081;-0.9007416;-;-;-;-;-;-;-;-;-;-;-;-;-;-;-
1514107815272;-;-;5.5047607;1.1362457;-1.2251434;-;-;-;-;-;-;-;-;-;-;-;-;-;-;-
1514107815293;-;-;4.9732513;2.782257;-1.1712799;-;-;-;-;-;-;-;-;-;-;-;-;-;-;-
1514107815313;-;-;5.4832153;3.7171936;-0.58828735;-;-;-;-;-;-;-;-;-;-;-;-;-;-;-
1514107815333;-;-;6.750946;3.4179077;-0.54878235;-;-;-;-;-;-;-;-;-;-;-;-;-;-;-
1514107815354;-;-;7.3028107;2.2986298;-2.00206;-;-;-;-;-;-;-;-;-;-;-;-;-;-;-
1514107815374;-;-;8.843475;1.0584259;-2.0906525;-;-;-;-;-;-;-;-;-;-;-;-;-;-;-
1514107815394;-;-;10.874954;0.2132721;-1.7075806;-;-;-;-;-;-;-;-;-;-;-;-;-;-;-
1514107815415;-;-;13.998184;-0.13388062;-0.69721985;-;-;-;-;-;-;-;-;-;-;-;-;-;-;-
1514107815435;-;-;14.819397;0.16419983;-4.773361;-;-;-;-;-;-;-;-;-;-;-;-;-;-;-
1514107815455;-;-;13.417603;1.5648041;-7.9803925;-;-;-;-;-;-;-;-;-;-;-;-;-;-;-
1514107815475;-;-;11.744049;1.995758;-9.236145;-;-;-;-;-;-;-;-;-;-;-;-;-;-;-
1514107815496;-;-;10.515823;1.5384674;-4.7075195;-;-;-;-;-;-;-;-;-;-;-;-;-;-;-
1514107815516;-;-;6.904175;-0.016571045;-6.7078705;-;-;-;-;-;-;-;-;-;-;-;-;-;-;-
1514107815537;-;-;6.704254;-1.3992157;-5.69751;-;-;-;-;-;-;-;-;-;-;-;-;-;-;-
1514107815556;-;-;7.7852325;-1.067627;-6.4073944;-;-;-;-;-;-;-;-;-;-;-;-;-;-;-
1514107815576;-;-;9.216965;0.31982422;-4.7518005;-;-;-;-;-;-;-;-;-;-;-;-;-;-;-
1514107815597;-;-;9.209793;1.7551422;-3.9533386;-;-;-;-;-;-;-;-;-;-;-;-;-;-;-
1514107815617;-;-;10.189011;2.196869;-4.9014435;-;-;-;-;-;-;-;-;-;-;-;-;-;-;-
1514107815637;-;-;9.3151245;1.3684845;-5.788498;-;-;-;-;-;-;-;-;-;-;-;-;-;-;-
1514107815658;-;-;7.7014465;-0.2392273;-4.978058;-;-;-;-;-;-;-;-;-;-;-;-;-;-;-
1514107815678;-;-;6.1080933;-1.8313751;-4.220291;-;-;-;-;-;-;-;-;-;-;-;-;-;-;-
1514107815698;-;-;4.5841827;-2.8010254;-3.6636505;-;-;-;-;-;-;-;-;-;-;-;-;-;-;-
1514107815718;-;-;4.323227;-2.942276;-3.4673157;-;-;-;-;-;-;-;-;-;-;-;-;-;-;-
1514107815739;-;-;5.332382;-3.0200958;-2.128952;-;-;-;-;-;-;-;-;-;-;-;-;-;-;-
1514107815759;-;-;8.203018;-2.9123535;-2.4354248;-;-;-;-;-;-;-;-;-;-;-;-;-;-;-
1514107815779;-;-;8.252106;-2.6813202;-2.06073;-;-;-;-;-;-;-;-;-;-;-;-;-;-;-
1514107815800;-;-;8.50589;-2.1462097;-1.8619995;-;-;-;-;-;-;-;-;-;-;-;-;-;-;-
1514107815820;-;-;9.196625;-1.4099884;-2.1828308;-;-;-;-;-;-;-;-;-;-;-;-;-;-;-
1514107815840;-;-;9.482727;-1.3309784;-1.9924927;-;-;-;-;-;-;-;-;-;-;-;-;-;-;-
1514107815861;-;-;9.489914;-1.0185394;-1.6118164;-;-;-;-;-;-;-;-;-;-;-;-;-;-;-
1514107815881;-;-;9.517441;-1.1059265;-1.3484497;-;-;-;-;-;-;-;-;-;-;-;-;-;-;-
1514107815901;-;-;9.358231;-2.0600128;-2.0523376;-;-;-;-;-;-;-;-;-;-;-;-;-;-;-
1514107815922;-;-;9.148727;-3.2223969;-2.2857819;-;-;-;-;-;-;-;-;-;-;-;-;-;-;-
1514107815942;-;-;8.856644;-2.8249664;-1.4442139;-;-;-;-;-;-;-;-;-;-;-;-;-;-;-
1514107815962;-;-;8.531036;-1.7918701;-0.8863678;-;-;-;-;-;-;-;-;-;-;-;-;-;-;-
1514107815982;-;-;7.988739;-0.48104858;-3.4601288;-;-;-;-;-;-;-;-;-;-;-;-;-;-;-
1514107816003;-;-;9.0972595;0.6286621;-6.662384;-;-;-;-;-;-;-;-;-;-;-;-;-;-;-
1514107816023;-;-;11.37175;3.3903809;-9.9687805;-;-;-;-;-;-;-;-;-;-;-;-;-;-;-
1514107816043;-;-;11.4531555;6.1233673;-6.1703796;-;-;-;-;-;-;-;-;-;-;-;-;-;-;-
1514107816063;-;-;7.7804413;6.257431;-4.6560364;-;-;-;-;-;-;-;-;-;-;-;-;-;-;-
1514107816084;-;-;7.550598;2.79422;-4.9337616;-;-;-;-;-;-;-;-;-;-;-;-;-;-;-
1514107816104;-;-;9.248093;-1.8050385;-4.325638;-;-;-;-;-;-;-;-;-;-;-;-;-;-;-
1514107816124;-;-;10.550537;-3.7036438;-3.8815155;-;-;-;-;-;-;-;-;-;-;-;-;-;-;-
1514107816144;-;-;10.454773;-2.8896027;-3.417038;-;-;-;-;-;-;-;-;-;-;-;-;-;-;-
1514107816165;-;-;10.751648;-0.25120544;-2.5766754;-;-;-;-;-;-;-;-;-;-;-;-;-;-;-
1514107816185;-;-;11.358582;2.4530487;-2.9669342;-;-;-;-;-;-;-;-;-;-;-;-;-;-;-
1514107816206;-;-;10.594833;3.5160828;-3.0782623;-;-;-;-;-;-;-;-;-;-;-;-;-;-;-
1514107816226;-;-;7.727768;3.2167969;-2.9046783;-;-;-;-;-;-;-;-;-;-;-;-;-;-;-
1514107816246;-;-;4.2346344;2.6050873;-1.9589691;-;-;-;-;-;-;-;-;-;-;-;-;-;-;-
1514107816267;-;-;2.1480865;1.4486847;-0.41111755;-;-;-;-;-;-;-;-;-;-;-;-;-;-;-
1514107816287;-;-;2.1085815;0.1558075;-0.21359253;-;-;-;-;-;-;-;-;-;-;-;-;-;-;-
1514107816307;-;-;3.1979523;-1.1011353;-0.33810425;-;-;-;-;-;-;-;-;-;-;-;-;-;-;-
1514107816327;-;-;4.7972717;-1.9211578;-0.063964844;-;-;-;-;-;-;-;-;-;-;-;-;-;-;-
1514107816347;-;-;7.4165344;-1.2435913;1.0912476;-;-;-;-;-;-;-;-;-;-;-;-;-;-;-
1514107816367;-;-;9.753265;0.35932922;0.66148376;-;-;-;-;-;-;-;-;-;-;-;-;-;-;-
1514107816388;-;-;12.368942;1.2176361;-0.843277;-;-;-;-;-;-;-;-;-;-;-;-;-;-;-
1514107816408;-;-;15.30423;1.4786072;-1.6118164;-;-;-;-;-;-;-;-;-;-;-;-;-;-;-
1514107816428;-;-;18.457397;2.248352;-1.0659332;-;-;-;-;-;-;-;-;-;-;-;-;-;-;-
1514107816449;-;-;14.55365;3.6369781;-0.6732788;-;-;-;-;-;-;-;-;-;-;-;-;-;-;-
1514107816469;-;-;10.846222;2.9749908;-4.4944305;-;-;-;-;-;-;-;-;-;-;-;-;-;-;-
1514107816489;-;-;7.3686523;3.1868744;-7.108902;-;-;-;-;-;-;-;-;-;-;-;-;-;-;-
1514107816510;-;-;7.611664;3.395172;-5.397049;-;-;-;-;-;-;-;-;-;-;-;-;-;-;-
1514107816530;-;-;6.1164703;1.9071808;-4.738632;-;-;-;-;-;-;-;-;-;-;-;-;-;-;-
1514107816550;-;-;3.751007;-0.8473511;-6.5139465;-;-;-;-;-;-;-;-;-;-;-;-;-;-;-
1514107816570;-;-;4.2178802;-2.6657562;-9.061371;-;-;-;-;-;-;-;-;-;-;-;-;-;-;-
1514107816590;-;-;9.173874;-2.897995;-7.0957336;-;-;-;-;-;-;-;-;-;-;-;-;-;-;-
1514107816611;-;-;13.149445;-1.0257263;-5.9261627;-;-;-;-;-;-;-;-;-;-;-;-;-;-;-
1514107816631;-;-;12.555679;0.13665771;-2.8460236;-;-;-;-;-;-;-;-;-;-;-;-;-;-;-
1514107816651;-;-;11.957138;-0.69651794;-2.9106598;-;-;-;-;-;-;-;-;-;-;-;-;-;-;-
1514107816672;-;-;9.718552;-1.9977722;-2.606598;-;-;-;-;-;-;-;-;-;-;-;-;-;-;-
1514107816692;-;-;7.8989563;-4.214798;-2.4821014;-;-;-;-;-;-;-;-;-;-;-;-;-;-;-
1514107816712;-;-;6.2589264;-5.0946655;-2.3157043;-;-;-;-;-;-;-;-;-;-;-;-;-;-;-
1514107816733;-;-;4.992401;-4.937851;-1.9458008;-;-;-;-;-;-;-;-;-;-;-;-;-;-;-
1514107816753;-;-;5.486801;-3.7826538;-1.3975372;-;-;-;-;-;-;-;-;-;-;-;-;-;-;-
1514107816773;-;-;5.965637;-1.641037;-1.6992035;-;-;-;-;-;-;-;-;-;-;-;-;-;-;-
1514107816793;-;-;5.431732;-0.44752502;-2.8268738;-;-;-;-;-;-;-;-;-;-;-;-;-;-;-
1514107816814;-;-;5.983597;-0.5253296;-3.183609;-;-;-;-;-;-;-;-;-;-;-;-;-;-;-
1514107816834;-;-;5.3227997;-1.922348;-2.8974915;-;-;-;-;-;-;-;-;-;-;-;-;-;-;-
1514107816854;-;-;5.3694916;-2.5652008;-0.19444275;-;-;-;-;-;-;-;-;-;-;-;-;-;-;-
1514107816875;-;-;7.317169;-2.5999146;0.137146;-;-;-;-;-;-;-;-;-;-;-;-;-;-;-
1514107816895;-;-;6.1954803;-4.1920624;-0.6481476;-;-;-;-;-;-;-;-;-;-;-;-;-;-;-
1514107816915;-;-;7.372238;-4.9438324;0.54655457;-;-;-;-;-;-;-;-;-;-;-;-;-;-;-
1514107816935;-;-;10.14473;-4.2171936;-0.26387024;-;-;-;-;-;-;-;-;-;-;-;-;-;-;-
1514107816955;-;-;14.171768;-3.218811;-1.7470856;-;-;-;-;-;-;-;-;-;-;-;-;-;-;-
1514107816976;-;-;17.599075;-2.262329;-3.3476105;-;-;-;-;-;-;-;-;-;-;-;-;-;-;-
1514107816996;-;-;22.49881;-1.6075134;-5.446121;-;-;-;-;-;-;-;-;-;-;-;-;-;-;-
1514107817017;-;-;25.582535;-1.5237122;-4.076645;-;-;-;-;-;-;-;-;-;-;-;-;-;-;-
1514107817037;-;-;27.257278;-7.255432;-3.827652;-;-;-;-;-;-;-;-;-;-;-;-;-;-;-
1514107817057;-;-;15.288666;-10.924545;-11.70697;-;-;-;-;-;-;-;-;-;-;-;-;-;-;-
1514107817078;-;-;12.470688;-7.855179;-1.298172;-;-;-;-;-;-;-;-;-;-;-;-;-;-;-
1514107817098;-;-;7.7972107;-5.2287445;-0.18367004;-;-;-;-;-;-;-;-;-;-;-;-;-;-;-
1514107817118;-;-;2.8675537;-6.37796;-11.098831;-;-;-;-;-;-;-;-;-;-;-;-;-;-;-
1514107817138;-;-;2.4246216;-6.1840363;-17.887589;-;-;-;-;-;-;-;-;-;-;-;-;-;-;-
1514107817159;-;-;7.0059204;-5.6836395;-16.01413;-;-;-;-;-;-;-;-;-;-;-;-;-;-;-
1514107817179;-;-;12.335419;-3.376831;-6.6923065;-;-;-;-;-;-;-;-;-;-;-;-;-;-;-
1514107817200;-;-;8.44603;-0.56843567;2.745636;-;-;-;-;-;-;-;-;-;-;-;-;-;-;-
1514107817220;-;-;-2.8689575;-0.85214233;2.1446838;-;-;-;-;-;-;-;-;-;-;-;-;-;-;-
1514107817240;-;-;-5.174576;-0.58877563;-0.9737549;-;-;-;-;-;-;-;-;-;-;-;-;-;-;-
1514107817261;-;-;0.52482605;-0.47865295;-2.6508942;-;-;-;-;-;-;-;-;-;-;-;-;-;-;-
1514107817280;-;-;4.1723785;-0.89404297;-2.7143402;-;-;-;-;-;-;-;-;-;-;-;-;-;-;-
1514107817300;-;-;12.092407;-1.6350555;-0.73313904;-;-;-;-;-;-;-;-;-;-;-;-;-;-;-
1514107817320;-;-;14.843338;-4.637375;-2.266632;-;-;-;-;-;-;-;-;-;-;-;-;-;-;-
1514107817341;-;-;16.453445;-7.7438507;-6.7725067;-;-;-;-;-;-;-;-;-;-;-;-;-;-;-
1514107817361;-;-;11.138321;-2.1881104;-10.641541;-;-;-;-;-;-;-;-;-;-;-;-;-;-;-
1514107817381;-;-;12.410828;5.6660767;-9.773651;-;-;-;-;-;-;-;-;-;-;-;-;-;-;-
1514107817402;-;-;14.55484;11.264908;-7.010742;-;-;-;-;-;-;-;-;-;-;-;-;-;-;-
1514107817422;-;-;9.222961;15.18541;-3.6396942;-;-;-;-;-;-;-;-;-;-;-;-;-;-;-
1514107817442;-;-;9.893326;7.2558136;-3.2266998;-;-;-;-;-;-;-;-;-;-;-;-;-;-;-
1514107817463;-;-;7.8762207;3.7339478;2.888092;-;-;-;-;-;-;-;-;-;-;-;-;-;-;-
1514107817483;-;-;13.1410675;4.8867645;0.93681335;-;-;-;-;-;-;-;-;-;-;-;-;-;-;-
1514107817503;-;-;0.0388031;4.559952;-4.092209;-;-;-;-;-;-;-;-;-;-;-;-;-;-;-
1514107817523;-;-;-1.0218353;2.8756256;-4.5459137;-;-;-;-;-;-;-;-;-;-;-;-;-;-;-
1514107817544;-;-;-2.1183777;4.2115936;-1.8596191;-;-;-;-;-;-;-;-;-;-;-;-;-;-;-
1514107817564;-;-;-1.8322754;-1.8840485;4.106735;-;-;-;-;-;-;-;-;-;-;-;-;-;-;-
1514107817584;-;-;-0.7632599;-6.617386;0.6938019;-;-;-;-;-;-;-;-;-;-;-;-;-;-;-
1514107817605;-;-;-4.0768433;-8.569855;-9.920883;-;-;-;-;-;-;-;-;-;-;-;-;-;-;-
1514107817625;-;-;-6.8924103;-2.348526;-9.352264;-;-;-;-;-;-;-;-;-;-;-;-;-;-;-
1514107817645;-;-;11.814682;4.205612;-8.313187;-;-;-;-;-;-;-;-;-;-;-;-;-;-;-
1514107817666;-;-;11.143097;7.513199;-7.2657166;-;-;-;-;-;-;-;-;-;-;-;-;-;-;-
1514107817686;-;-;2.652069;4.4917145;-7.1950836;-;-;-;-;-;-;-;-;-;-;-;-;-;-;-
1514107817706;-;-;9.9783325;-2.1330414;-6.7749023;-;-;-;-;-;-;-;-;-;-;-;-;-;-;-
1514107817727;-;-;9.918472;-3.6306152;1.7328949;-;-;-;-;-;-;-;-;-;-;-;-;-;-;-
1514107817747;-;-;8.763275;-1.2220459;-3.077057;-;-;-;-;-;-;-;-;-;-;-;-;-;-;-
1514107817767;-;-;14.417175;0.23960876;-8.022293;-;-;-;-;-;-;-;-;-;-;-;-;-;-;-
1514107817788;-;-;22.91539;-0.7671509;-7.564987;-;-;-;-;-;-;-;-;-;-;-;-;-;-;-
1514107817808;-;-;17.12741;-5.0120697;-10.32431;-;-;-;-;-;-;-;-;-;-;-;-;-;-;-
1514107817828;-;-;16.386414;-8.636887;-2.2139587;-;-;-;-;-;-;-;-;-;-;-;-;-;-;-
1514107817849;-;-;21.859558;-6.835251;1.9926605;-;-;-;-;-;-;-;-;-;-;-;-;-;-;-
1514107817868;-;-;20.079468;-8.117355;-2.4066925;-;-;-;-;-;-;-;-;-;-;-;-;-;-;-
1514107817889;-;-;13.90123;-5.5639343;-6.6695557;-;-;-;-;-;-;-;-;-;-;-;-;-;-;-
1514107817909;-;-;7.4847565;-4.824127;-5.5179596;-;-;-;-;-;-;-;-;-;-;-;-;-;-;-
1514107817929;-;-;2.6712189;-5.938629;0.117996216;-;-;-;-;-;-;-;-;-;-;-;-;-;-;-
1514107817950;-;-;-0.7584686;-7.9725037;1.0206146;-;-;-;-;-;-;-;-;-;-;-;-;-;-;-
1514107817970;-;-;-2.3266754;-5.3245087;-7.325577;-;-;-;-;-;-;-;-;-;-;-;-;-;-;-
1514107817990;-;-;-5.0153656;0.6059265;-14.050888;-;-;-;-;-;-;-;-;-;-;-;-;-;-;-
1514107818011;-;-;-2.5182037;5.99527;-7.879837;-;-;-;-;-;-;-;-;-;-;-;-;-;-;-
1514107818031;-;-;1.2897644;6.506439;-5.503586;-;-;-;-;-;-;-;-;-;-;-;-;-;-;-
1514107818051;-;-;0.12258911;7.4964447;1.3438263;-;-;-;-;-;-;-;-;-;-;-;-;-;-;-
1514107818072;-;-;1.4214478;1.4391022;6.7212067;-;-;-;-;-;-;-;-;-;-;-;-;-;-;-
1514107818092;-;-;1.9409943;-8.9254;-8.10968;-;-;-;-;-;-;-;-;-;-;-;-;-;-;-
1514107818112;-;-;17.324936;-10.80365;-13.233261;-;-;-;-;-;-;-;-;-;-;-;-;-;-;-
1514107818132;-;-;9.585678;-2.5675964;-1.6130066;-;-;-;-;-;-;-;-;-;-;-;-;-;-;-
1514107818153;-;-;8.84227;-1.9702301;-1.6261749;-;-;-;-;-;-;-;-;-;-;-;-;-;-;-
1514107818174;-;-;9.222961;-1.7308197;-5.2294464;-;-;-;-;-;-;-;-;-;-;-;-;-;-;-
1514107818194;-;-;8.868607;2.3536987;-8.158752;-;-;-;-;-;-;-;-;-;-;-;-;-;-;-
1514107818214;-;-;12.9830475;4.5551605;-7.682312;-;-;-;-;-;-;-;-;-;-;-;-;-;-;-
1514107818235;-;-;11.642288;4.2427216;-7.247757;-;-;-;-;-;-;-;-;-;-;-;-;-;-;-
1514107818255;-;-;4.9277496;3.2706757;-3.247055;-;-;-;-;-;-;-;-;-;-;-;-;-;-;-
1514107818275;-;-;4.3531494;2.074768;-0.8360901;-;-;-;-;-;-;-;-;-;-;-;-;-;-;-
1514107818296;-;-;3.371521;-0.44154358;-0.456604;-;-;-;-;-;-;-;-;-;-;-;-;-;-;-
1514107818316;-;-;2.0379486;-2.4502716;-0.77145386;-;-;-;-;-;-;-;-;-;-;-;-;-;-;-
1514107818336;-;-;2.0283813;-1.7260284;-0.85165405;-;-;-;-;-;-;-;-;-;-;-;-;-;-;-
1514107818357;-;-;2.7753754;-1.1562042;-1.7758179;-;-;-;-;-;-;-;-;-;-;-;-;-;-;-
1514107818377;-;-;2.9692993;0.72683716;-2.1624756;-;-;-;-;-;-;-;-;-;-;-;-;-;-;-
1514107818397;-;-;2.4473572;3.5519867;-2.6748352;-;-;-;-;-;-;-;-;-;-;-;-;-;-;-
1514107818417;-;-;4.25618;3.8392944;-3.156067;-;-;-;-;-;-;-;-;-;-;-;-;-;-;-
1514107818438;-;-;5.256958;2.5081177;-3.661255;-;-;-;-;-;-;-;-;-;-;-;-;-;-;-
1514107818458;-;-;5.711853;2.7631073;-4.089813;-;-;-;-;-;-;-;-;-;-;-;-;-;-;-
1514107818478;-;-;7.5709534;3.2395477;-2.7705994;-;-;-;-;-;-;-;-;-;-;-;-;-;-;-
1514107818498;-;-;9.906494;2.7355652;-1.0767059;-;-;-;-;-;-;-;-;-;-;-;-;-;-;-
1514107818519;-;-;13.251205;0.2886963;-1.5639343;-;-;-;-;-;-;-;-;-;-;-;-;-;-;-
1514107818539;-;-;14.822998;-3.7694855;-2.9693298;-;-;-;-;-;-;-;-;-;-;-;-;-;-;-
1514107818559;-;-;16.74553;-3.697647;-3.0914307;-;-;-;-;-;-;-;-;-;-;-;-;-;-;-
1514107818579;-;-;20.38353;1.4163666;-5.844757;-;-;-;-;-;-;-;-;-;-;-;-;-;-;-
1514107818599;-;-;16.682083;16.044937;-8.928497;-;-;-;-;-;-;-;-;-;-;-;-;-;-;-
1514107818619;-;-;9.8598175;14.43364;-9.093689;-;-;-;-;-;-;-;-;-;-;-;-;-;-;-
1514107818640;-;-;7.2836456;6.4717255;-3.1812134;-;-;-;-;-;-;-;-;-;-;-;-;-;-;-
1514107818660;-;-;3.4397583;1.995758;-2.5527344;-;-;-;-;-;-;-;-;-;-;-;-;-;-;-
1514107818680;-;-;5.355118;1.8868256;-2.9717255;-;-;-;-;-;-;-;-;-;-;-;-;-;-;-
1514107818701;-;-;6.992752;4.225952;-7.9959564;-;-;-;-;-;-;-;-;-;-;-;-;-;-;-
1514107818721;-;-;8.194641;5.3021545;-9.606049;-;-;-;-;-;-;-;-;-;-;-;-;-;-;-
1514107818741;-;-;6.2146454;6.149704;-7.665558;-;-;-;-;-;-;-;-;-;-;-;-;-;-;-
1514107818762;-;-;3.608551;5.1668854;-6.255371;-;-;-;-;-;-;-;-;-;-;-;-;-;-;-
1514107818782;-;-;6.1296387;1.5875549;-4.562668;-;-;-;-;-;-;-;-;-;-;-;-;-;-;-
1514107818802;-;-;5.1994934;-1.5500488;-7.110092;-;-;-;-;-;-;-;-;-;-;-;-;-;-;-
1514107818822;-;-;5.1157074;-2.095932;-6.705475;-;-;-;-;-;-;-;-;-;-;-;-;-;-;-
1514107818843;-;-;6.4923706;-0.8282013;-5.128891;-;-;-;-;-;-;-;-;-;-;-;-;-;-;-
1514107818863;-;-;7.1076813;-0.038116455;-4.575836;-;-;-;-;-;-;-;-;-;-;-;-;-;-;-
1514107818882;-;-;7.3494873;-0.16021729;-4.599777;-;-;-;-;-;-;-;-;-;-;-;-;-;-;-
1514107818903;-;-;7.094513;-0.8473511;-4.3926697;-;-;-;-;-;-;-;-;-;-;-;-;-;-;-
1514107818923;-;-;6.043457;-1.8158112;-3.78096;-;-;-;-;-;-;-;-;-;-;-;-;-;-;-
1514107818943;-;-;4.8703003;-2.3042297;-3.4756927;-;-;-;-;-;-;-;-;-;-;-;-;-;-;-
1514107818964;-;-;4.920578;-2.4215393;-2.9717255;-;-;-;-;-;-;-;-;-;-;-;-;-;-;-
1514107818984;-;-;4.0371094;-1.5356903;-3.3212738;-;-;-;-;-;-;-;-;-;-;-;-;-;-;-
1514107819004;-;-;3.121338;-0.67378235;-3.3428192;-;-;-;-;-;-;-;-;-;-;-;-;-;-;-
1514107819024;-;-;2.8663483;0.03970337;-3.7210999;-;-;-;-;-;-;-;-;-;-;-;-;-;-;-
1514107819045;-;-;4.014374;0.41558838;-4.152054;-;-;-;-;-;-;-;-;-;-;-;-;-;-;-
1514107819065;-;-;4.9624786;-0.16500854;-5.200714;-;-;-;-;-;-;-;-;-;-;-;-;-;-;-
1514107819085;-;-;5.2186584;-1.2268372;-4.9852448;-;-;-;-;-;-;-;-;-;-;-;-;-;-;-
1514107819106;-;-;6.2900543;-2.435913;-3.6325226;-;-;-;-;-;-;-;-;-;-;-;-;-;-;-
1514107819125;-;-;6.961624;-3.2523346;-3.9796753;-;-;-;-;-;-;-;-;-;-;-;-;-;-;-
1514107819145;-;-;6.728195;-3.6880798;-4.559067;-;-;-;-;-;-;-;-;-;-;-;-;-;-;-
1514107819166;-;-;7.3028107;-3.2786713;-3.2422638;-;-;-;-;-;-;-;-;-;-;-;-;-;-;-
1514107819186;-;-;8.119232;-2.4670258;-2.207962;-;-;-;-;-;-;-;-;-;-;-;-;-;-;-
1514107819206;-;-;9.613205;-1.843338;-1.9745331;-;-;-;-;-;-;-;-;-;-;-;-;-;-;-
1514107819227;-;-;10.179443;-1.720047;-2.551529;-;-;-;-;-;-;-;-;-;-;-;-;-;-;-
1514107819246;-;-;11.301117;-2.36409;-3.3081055;-;-;-;-;-;-;-;-;-;-;-;-;-;-;-
1514107819266;-;-;12.167816;-2.0755768;-3.832428;-;-;-;-;-;-;-;-;-;-;-;-;-;-;-
1514107819287;-;-;11.463928;-1.5237122;-5.859131;-;-;-;-;-;-;-;-;-;-;-;-;-;-;-
1514107819306;-;-;8.641159;-2.8441162;-13.077637;-;-;-;-;-;-;-;-;-;-;-;-;-;-;-
1514107819326;-;-;12.42041;-2.4454803;-3.1572723;-;-;-;-;-;-;-;-;-;-;-;-;-;-;-
1514107819347;-;-;15.815384;-3.2595215;-3.3739471;-;-;-;-;-;-;-;-;-;-;-;-;-;-;-
1514107819367;-;-;13.50618;-3.6916656;-10.647522;-;-;-;-;-;-;-;-;-;-;-;-;-;-;-
1514107819387;-;-;8.672287;-1.882843;-8.143188;-;-;-;-;-;-;-;-;-;-;-;-;-;-;-
1514107819407;-;-;5.434128;0.014556885;-5.2055054;-;-;-;-;-;-;-;-;-;-;-;-;-;-;-
1514107819428;-;-;2.7633972;0.32580566;-3.9916534;-;-;-;-;-;-;-;-;-;-;-;-;-;-;-
1514107819448;-;-;4.985214;-1.2962646;-3.1153717;-;-;-;-;-;-;-;-;-;-;-;-;-;-;-
1514107819468;-;-;8.2712555;-2.2970428;-4.701523;-;-;-;-;-;-;-;-;-;-;-;-;-;-;-
1514107819489;-;-;8.639969;-2.262329;-5.2521973;-;-;-;-;-;-;-;-;-;-;-;-;-;-;-
1514107819509;-;-;7.924103;-1.3585205;-5.1025543;-;-;-;-;-;-;-;-;-;-;-;-;-;-;-
1514107819529;-;-;7.154358;0.44551086;-4.8344116;-;-;-;-;-;-;-;-;-;-;-;-;-;-;-
1514107819550;-;-;5.8112183;1.7168274;-4.9493256;-;-;-;-;-;-;-;-;-;-;-;-;-;-;-
1514107819570;-;-;4.2513885;2.6493835;-5.2031097;-;-;-;-;-;-;-;-;-;-;-;-;-;-;-
1514107819590;-;-;3.624115;2.8385162;-5.606537;-;-;-;-;-;-;-;-;-;-;-;-;-;-;-
1514107819610;-;-;4.5351105;2.3249664;-5.701111;-;-;-;-;-;-;-;-;-;-;-;-;-;-;-
1514107819631;-;-;5.947693;1.2427826;-5.330002;-;-;-;-;-;-;-;-;-;-;-;-;-;-;-
1514107819651;-;-;5.987198;0.48382568;-5.318039;-;-;-;-;-;-;-;-;-;-;-;-;-;-;-
1514107819671;-;-;6.1056976;-0.03930664;-4.788925;-;-;-;-;-;-;-;-;-;-;-;-;-;-;-
1514107819692;-;-;6.1045074;-0.054870605;-4.255005;-;-;-;-;-;-;-;-;-;-;-;-;-;-;-
1514107819711;-;-;5.912964;0.29826355;-3.820465;-;-;-;-;-;-;-;-;-;-;-;-;-;-;-
1514107819731;-;-;6.35231;0.6250763;-3.017212;-;-;-;-;-;-;-;-;-;-;-;-;-;-;-
1514107819751;-;-;6.922119;1.0380707;-2.0822754;-;-;-;-;-;-;-;-;-;-;-;-;-;-;-
1514107819772;-;-;7.149582;1.1182861;-1.3652039;-;-;-;-;-;-;-;-;-;-;-;-;-;-;-
1514107819791;-;-;6.9736023;0.8848419;-0.7678528;-;-;-;-;-;-;-;-;-;-;-;-;-;-;-
1514107819811;-;-;6.9508514;0.4694519;-0.5021057;-;-;-;-;-;-;-;-;-;-;-;-;-;-;-
1514107819831;-;-;7.6511536;0.03251648;-0.51885986;-;-;-;-;-;-;-;-;-;-;-;-;-;-;-
1514107819852;-;-;8.302383;-0.03691101;-1.2227478;-;-;-;-;-;-;-;-;-;-;-;-;-;-;-
1514107819872;-;-;8.7417145;0.40960693;-1.5782928;-;-;-;-;-;-;-;-;-;-;-;-;-;-;-
1514107819892;-;-;9.058945;0.8896332;-1.5423737;-;-;-;-;-;-;-;-;-;-;-;-;-;-;-
1514107819913;-;-;8.128799;-0.42477417;-0.26507568;-;-;-;-;-;-;-;-;-;-;-;-;-;-;-
1514107819932;-;-;11.6315155;-1.5081482;-2.172058;-;-;-;-;-;-;-;-;-;-;-;-;-;-;-
1514107819952;-;-;12.840591;0.9171753;-6.96286;-;-;-;-;-;-;-;-;-;-;-;-;-;-;-
1514107819973;-;-;10.619965;5.3823547;-10.782806;-;-;-;-;-;-;-;-;-;-;-;-;-;-;-
1514107819993;-;-;9.039795;6.9026794;-10.420074;-;-;-;-;-;-;-;-;-;-;-;-;-;-;-
1514107820013;-;-;7.99234;2.3967896;-6.7641296;-;-;-;-;-;-;-;-;-;-;-;-;-;-;-
1514107820033;-;-;8.303574;-2.2000732;-6.212265;-;-;-;-;-;-;-;-;-;-;-;-;-;-;-
1514107820053;-;-;9.560532;-3.6916656;-5.5023956;-;-;-;-;-;-;-;-;-;-;-;-;-;-;-
1514107820074;-;-;10.676239;-3.4701996;-7.87265;-;-;-;-;-;-;-;-;-;-;-;-;-;-;-
1514107820093;-;-;11.454346;0.1558075;0.0569458;-;-;-;-;-;-;-;-;-;-;-;-;-;-;-
1514107820113;-;-;9.125992;-0.8772888;-3.5606995;-;-;-;-;-;-;-;-;-;-;-;-;-;-;-
1514107820134;-;-;8.022263;-1.2974701;-3.678009;-;-;-;-;-;-;-;-;-;-;-;-;-;-;-
1514107820154;-;-;8.636368;-1.3692932;-3.669632;-;-;-;-;-;-;-;-;-;-;-;-;-;-;-
1514107820174;-;-;7.2872467;-1.6913147;-3.6684265;-;-;-;-;-;-;-;-;-;-;-;-;-;-;-
1514107820194;-;-;7.446457;-1.6338501;-2.1576843;-;-;-;-;-;-;-;-;-;-;-;-;-;-;-
1514107820214;-;-;6.5917206;-0.80545044;-2.263031;-;-;-;-;-;-;-;-;-;-;-;-;-;-;-
1514107820235;-;-;4.73024;0.30665588;-2.642517;-;-;-;-;-;-;-;-;-;-;-;-;-;-;-
1514107820255;-;-;4.2705536;0.73880005;-3.259018;-;-;-;-;-;-;-;-;-;-;-;-;-;-;-
1514107820275;-;-;6.6300354;0.03251648;-2.9274292;-;-;-;-;-;-;-;-;-;-;-;-;-;-;-
1514107820295;-;-;7.4368744;-0.016571045;-3.8982697;-;-;-;-;-;-;-;-;-;-;-;-;-;-;-
1514107820315;-;-;8.460403;0.15222168;-4.2250824;-;-;-;-;-;-;-;-;-;-;-;-;-;-;-
1514107820335;-;-;8.945221;-0.39964294;-3.176422;-;-;-;-;-;-;-;-;-;-;-;-;-;-;-
1514107820356;-;-;8.398148;-2.1019135;-6.5881653;-;-;-;-;-;-;-;-;-;-;-;-;-;-;-
1514107820376;-;-;13.670181;-3.4725952;-3.298523;-;-;-;-;-;-;-;-;-;-;-;-;-;-;-
1514107820396;-;-;11.809891;-3.574356;-4.085022;-;-;-;-;-;-;-;-;-;-;-;-;-;-;-
1514107820417;-;-;11.825455;-1.6302643;-2.0834656;-;-;-;-;-;-;-;-;-;-;-;-;-;-;-
1514107820437;-;-;7.134018;-0.2272644;-3.7677917;-;-;-;-;-;-;-;-;-;-;-;-;-;-;-
1514107820457;-;-;4.2873077;0.40600586;-3.9521484;-;-;-;-;-;-;-;-;-;-;-;-;-;-;-
1514107820477;-;-;7.1172485;-0.5720215;-3.867157;-;-;-;-;-;-;-;-;-;-;-;-;-;-;-
1514107820498;-;-;5.5789795;-0.9479065;-2.7466583;-;-;-;-;-;-;-;-;-;-;-;-;-;-;-
1514107820518;-;-;8.340698;-2.7064514;-2.2809906;-;-;-;-;-;-;-;-;-;-;-;-;-;-;-
1514107820538;-;-;9.603638;-2.676529;0.10003662;-;-;-;-;-;-;-;-;-;-;-;-;-;-;-
1514107820559;-;-;10.178238;-2.7914429;0.017440796;-;-;-;-;-;-;-;-;-;-;-;-;-;-;-
1514107820579;-;-;12.18219;-1.1179047;-3.0507202;-;-;-;-;-;-;-;-;-;-;-;-;-;-;-
1514107820599;-;-;10.861786;-0.63786316;-1.4142914;-;-;-;-;-;-;-;-;-;-;-;-;-;-;-
1514107820620;-;-;9.467163;-0.636673;-0.6553345;-;-;-;-;-;-;-;-;-;-;-;-;-;-;-
1514107820639;-;-;10.057327;-0.44992065;-1.942215;-;-;-;-;-;-;-;-;-;-;-;-;-;-;-
1514107820660;-;-;11.715317;0.43832397;-0.3620453;-;-;-;-;-;-;-;-;-;-;-;-;-;-;-
1514107820680;-;-;9.457581;1.3265839;-0.097473145;-;-;-;-;-;-;-;-;-;-;-;-;-;-;-
1514107820700;-;-;10.554138;-0.19013977;-0.38957214;-;-;-;-;-;-;-;-;-;-;-;-;-;-;-
1514107820721;-;-;7.2836456;-0.24760437;-1.1305847;-;-;-;-;-;-;-;-;-;-;-;-;-;-;-
1514107820741;-;-;8.290421;0.4479065;-0.8384857;-;-;-;-;-;-;-;-;-;-;-;-;-;-;-
1514107820761;-;-;7.6906586;1.2188416;-0.071136475;-;-;-;-;-;-;-;-;-;-;-;-;-;-;-
1514107820782;-;-;6.7688904;1.6545868;0.6782379;-;-;-;-;-;-;-;-;-;-;-;-;-;-;-
1514107820802;-;-;8.084518;1.3768616;0.034194946;-;-;-;-;-;-;-;-;-;-;-;-;-;-;-
1514107820822;-;-;9.549759;1.1625824;0.38734436;-;-;-;-;-;-;-;-;-;-;-;-;-;-;-
1514107820843;-;-;8.003113;1.0632172;2.0968018;-;-;-;-;-;-;-;-;-;-;-;-;-;-;-
1514107820863;-;-;7.197464;0.8776703;2.9407654;-;-;-;-;-;-;-;-;-;-;-;-;-;-;-
1514107820883;-;-;8.404144;0.8190155;2.3996735;-;-;-;-;-;-;-;-;-;-;-;-;-;-;-
1514107820904;-;-;9.390549;0.7735138;2.7623901;-;-;-;-;-;-;-;-;-;-;-;-;-;-;-
1514107820924;-;-;9.295975;0.675354;3.1466675;-;-;-;-;-;-;-;-;-;-;-;-;-;-;-
1514107820945;-;-;8.959595;0.59155273;2.824646;-;-;-;-;-;-;-;-;-;-;-;-;-;-;-
1514107820965;-;-;6.7413635;0.5855713;2.8916779;-;-;-;-;-;-;-;-;-;-;-;-;-;-;-
1514107820986;-;-;8.677078;0.51493835;2.2260895;-;-;-;-;-;-;-;-;-;-;-;-;-;-;-
1514107821006;-;-;8.88298;0.7005005;2.6175385;-;-;-;-;-;-;-;-;-;-;-;-;-;-;-
1514107821026;-;-;9.49469;0.7292328;3.4986115;-;-;-;-;-;-;-;-;-;-;-;-;-;-;-
1514107821046;-;-;9.410904;0.7028961;3.2149048;-;-;-;-;-;-;-;-;-;-;-;-;-;-;-
1514107821066;-;-;9.115219;0.3964386;3.0257568;-;-;-;-;-;-;-;-;-;-;-;-;-;-;-
1514107821087;-;-;8.258087;0.064834595;2.706131;-;-;-;-;-;-;-;-;-;-;-;-;-;-;-
1514107821107;-;-;7.9995117;0.083984375;2.3589783;-;-;-;-;-;-;-;-;-;-;-;-;-;-;-
1514107821127;-;-;5.97641;-0.73602295;-2.4162598;-;-;-;-;-;-;-;-;-;-;-;-;-;-;-
1514107821155;-;-;9.910095;0.7866821;6.3812256;-;-;-;-;-;-;-;-;-;-;-;-;-;-;-
1514107821170;-;-;9.476746;0.69810486;5.4438934;-;-;-;-;-;-;-;-;-;-;-;-;-;-;-
1514107821190;-;-;9.017059;0.32939148;4.4000244;-;-;-;-;-;-;-;-;-;-;-;-;-;-;-
1514107821210;-;-;10.252457;0.8010559;1.6993713;-;-;-;-;-;-;-;-;-;-;-;-;-;-;-
1514107821257;-;-;7.9073334;0.14503479;1.8370361;-;-;-;-;-;-;-;-;-;-;-;-;-;-;-
